{"metadata":{"kernel_spec":{"name":"SQL","language":"sql","display_name":"SQL"},"language_info":{"name":"sql","version":""}},"nbformat":4,"nbformat_minor":2,"cells":[{"cell_type":"markdown","source":["# [HotelManagementDB]"],"metadata":{"urn":"Server[@Name='Hoaideeptry']/Database[@Name='HotelManagementDB']","object_type":"Database"}},{"outputs":[],"execution_count":0,"cell_type":"code","source":["USE [master]\r\n","GO\r\n"],"metadata":{"urn":"Server[@Name='Hoaideeptry']/Database[@Name='HotelManagementDB']","object_type":"Database"}},{"outputs":[],"execution_count":0,"cell_type":"code","source":["/****** Object:  Database [HotelManagementDB]    Script Date: 4/6/2026 11:24:33 PM ******/\r\nCREATE DATABASE [HotelManagementDB]\r\n CONTAINMENT = NONE\r\n ON  PRIMARY \r\n( NAME = N'HotelManagementDB', FILENAME = N'C:\\Program Files\\Microsoft SQL Server\\MSSQL16.MSSQLSERVER\\MSSQL\\DATA\\HotelManagementDB.mdf' , SIZE = 8192KB , MAXSIZE = UNLIMITED, FILEGROWTH = 65536KB )\r\n LOG ON \r\n( NAME = N'HotelManagementDB_log', FILENAME = N'C:\\Program Files\\Microsoft SQL Server\\MSSQL16.MSSQLSERVER\\MSSQL\\DATA\\HotelManagementDB_log.ldf' , SIZE = 8192KB , MAXSIZE = 2048GB , FILEGROWTH = 65536KB )\r\n WITH CATALOG_COLLATION = DATABASE_DEFAULT, LEDGER = OFF\r\n","GO\r\n","ALTER DATABASE [HotelManagementDB] SET COMPATIBILITY_LEVEL = 160\r\n","GO\r\n","IF (1 = FULLTEXTSERVICEPROPERTY('IsFullTextInstalled'))\r\nbegin\r\nEXEC [HotelManagementDB].[dbo].[sp_fulltext_database] @action = 'enable'\r\nend\r\n","GO\r\n","ALTER DATABASE [HotelManagementDB] SET ANSI_NULL_DEFAULT OFF \r\n","GO\r\n","ALTER DATABASE [HotelManagementDB] SET ANSI_NULLS OFF \r\n","GO\r\n","ALTER DATABASE [HotelManagementDB] SET ANSI_PADDING OFF \r\n","GO\r\n","ALTER DATABASE [HotelManagementDB] SET ANSI_WARNINGS OFF \r\n","GO\r\n","ALTER DATABASE [HotelManagementDB] SET ARITHABORT OFF \r\n","GO\r\n","ALTER DATABASE [HotelManagementDB] SET AUTO_CLOSE ON \r\n","GO\r\n","ALTER DATABASE [HotelManagementDB] SET AUTO_SHRINK OFF \r\n","GO\r\n","ALTER DATABASE [HotelManagementDB] SET AUTO_UPDATE_STATISTICS ON \r\n","GO\r\n","ALTER DATABASE [HotelManagementDB] SET CURSOR_CLOSE_ON_COMMIT OFF \r\n","GO\r\n","ALTER DATABASE [HotelManagementDB] SET CURSOR_DEFAULT  GLOBAL \r\n","GO\r\n","ALTER DATABASE [HotelManagementDB] SET CONCAT_NULL_YIELDS_NULL OFF \r\n","GO\r\n","ALTER DATABASE [HotelManagementDB] SET NUMERIC_ROUNDABORT OFF \r\n","GO\r\n","ALTER DATABASE [HotelManagementDB] SET QUOTED_IDENTIFIER OFF \r\n","GO\r\n","ALTER DATABASE [HotelManagementDB] SET RECURSIVE_TRIGGERS OFF \r\n","GO\r\n","ALTER DATABASE [HotelManagementDB] SET  ENABLE_BROKER \r\n","GO\r\n","ALTER DATABASE [HotelManagementDB] SET AUTO_UPDATE_STATISTICS_ASYNC OFF \r\n","GO\r\n","ALTER DATABASE [HotelManagementDB] SET DATE_CORRELATION_OPTIMIZATION OFF \r\n","GO\r\n","ALTER DATABASE [HotelManagementDB] SET TRUSTWORTHY OFF \r\n","GO\r\n","ALTER DATABASE [HotelManagementDB] SET ALLOW_SNAPSHOT_ISOLATION OFF \r\n","GO\r\n","ALTER DATABASE [HotelManagementDB] SET PARAMETERIZATION SIMPLE \r\n","GO\r\n","ALTER DATABASE [HotelManagementDB] SET READ_COMMITTED_SNAPSHOT OFF \r\n","GO\r\n","ALTER DATABASE [HotelManagementDB] SET HONOR_BROKER_PRIORITY OFF \r\n","GO\r\n","ALTER DATABASE [HotelManagementDB] SET RECOVERY SIMPLE \r\n","GO\r\n","ALTER DATABASE [HotelManagementDB] SET  MULTI_USER \r\n","GO\r\n","ALTER DATABASE [HotelManagementDB] SET PAGE_VERIFY CHECKSUM  \r\n","GO\r\n","ALTER DATABASE [HotelManagementDB] SET DB_CHAINING OFF \r\n","GO\r\n","ALTER DATABASE [HotelManagementDB] SET FILESTREAM( NON_TRANSACTED_ACCESS = OFF ) \r\n","GO\r\n","ALTER DATABASE [HotelManagementDB] SET TARGET_RECOVERY_TIME = 60 SECONDS \r\n","GO\r\n","ALTER DATABASE [HotelManagementDB] SET DELAYED_DURABILITY = DISABLED \r\n","GO\r\n","ALTER DATABASE [HotelManagementDB] SET ACCELERATED_DATABASE_RECOVERY = OFF  \r\n","GO\r\n","ALTER DATABASE [HotelManagementDB] SET QUERY_STORE = ON\r\n","GO\r\n","ALTER DATABASE [HotelManagementDB] SET QUERY_STORE (OPERATION_MODE = READ_WRITE, CLEANUP_POLICY = (STALE_QUERY_THRESHOLD_DAYS = 30), DATA_FLUSH_INTERVAL_SECONDS = 900, INTERVAL_LENGTH_MINUTES = 60, MAX_STORAGE_SIZE_MB = 1000, QUERY_CAPTURE_MODE = AUTO, SIZE_BASED_CLEANUP_MODE = AUTO, MAX_PLANS_PER_QUERY = 200, WAIT_STATS_CAPTURE_MODE = ON)\r\n","GO\r\n"],"metadata":{"urn":"Server[@Name='Hoaideeptry']/Database[@Name='HotelManagementDB']","object_type":"Database"}},{"cell_type":"markdown","source":["# [dbo].[Amenities]"],"metadata":{"urn":"Server[@Name='Hoaideeptry']/Database[@Name='HotelManagementDB']/Table[@Name='Amenities' and @Schema='dbo']","object_type":"Table"}},{"outputs":[],"execution_count":0,"cell_type":"code","source":["USE [HotelManagementDB]\r\n","GO\r\n"],"metadata":{"urn":"Server[@Name='Hoaideeptry']/Database[@Name='HotelManagementDB']/Table[@Name='Amenities' and @Schema='dbo']","object_type":"Table"}},{"outputs":[],"execution_count":0,"cell_type":"code","source":["/****** Object:  Table [dbo].[Amenities]    Script Date: 4/6/2026 11:24:33 PM ******/\r\nSET ANSI_NULLS ON\r\n","GO\r\n","SET QUOTED_IDENTIFIER ON\r\n","GO\r\n","CREATE TABLE [dbo].[Amenities](\r\n\t[id] [int] IDENTITY(1,1) NOT NULL,\r\n\t[name] [nvarchar](255) NOT NULL,\r\n\t[icon_url] [nvarchar](max) NULL,\r\n\t[is_active] [bit] NULL,\r\nPRIMARY KEY CLUSTERED \r\n(\r\n\t[id] ASC\r\n)WITH (PAD_INDEX = OFF, STATISTICS_NORECOMPUTE = OFF, IGNORE_DUP_KEY = OFF, ALLOW_ROW_LOCKS = ON, ALLOW_PAGE_LOCKS = ON, OPTIMIZE_FOR_SEQUENTIAL_KEY = OFF) ON [PRIMARY]\r\n) ON [PRIMARY] TEXTIMAGE_ON [PRIMARY]\r\nGO\r\n"],"metadata":{"urn":"Server[@Name='Hoaideeptry']/Database[@Name='HotelManagementDB']/Table[@Name='Amenities' and @Schema='dbo']","object_type":"Table"}},{"cell_type":"markdown","source":["# [dbo].[Article_Categories]"],"metadata":{"urn":"Server[@Name='Hoaideeptry']/Database[@Name='HotelManagementDB']/Table[@Name='Article_Categories' and @Schema='dbo']","object_type":"Table"}},{"outputs":[],"execution_count":0,"cell_type":"code","source":["/****** Object:  Table [dbo].[Article_Categories]    Script Date: 4/6/2026 11:24:33 PM ******/\r\nSET ANSI_NULLS ON\r\n","GO\r\n","SET QUOTED_IDENTIFIER ON\r\n","GO\r\n","CREATE TABLE [dbo].[Article_Categories](\r\n\t[id] [int] IDENTITY(1,1) NOT NULL,\r\n\t[name] [nvarchar](255) NOT NULL,\r\n\t[is_active] [bit] NULL,\r\nPRIMARY KEY CLUSTERED \r\n(\r\n\t[id] ASC\r\n)WITH (PAD_INDEX = OFF, STATISTICS_NORECOMPUTE = OFF, IGNORE_DUP_KEY = OFF, ALLOW_ROW_LOCKS = ON, ALLOW_PAGE_LOCKS = ON, OPTIMIZE_FOR_SEQUENTIAL_KEY = OFF) ON [PRIMARY]\r\n) ON [PRIMARY]\r\nGO\r\n"],"metadata":{"urn":"Server[@Name='Hoaideeptry']/Database[@Name='HotelManagementDB']/Table[@Name='Article_Categories' and @Schema='dbo']","object_type":"Table"}},{"cell_type":"markdown","source":["# [dbo].[Articles]"],"metadata":{"urn":"Server[@Name='Hoaideeptry']/Database[@Name='HotelManagementDB']/Table[@Name='Articles' and @Schema='dbo']","object_type":"Table"}},{"outputs":[],"execution_count":0,"cell_type":"code","source":["/****** Object:  Table [dbo].[Articles]    Script Date: 4/6/2026 11:24:33 PM ******/\r\nSET ANSI_NULLS ON\r\n","GO\r\n","SET QUOTED_IDENTIFIER ON\r\n","GO\r\n","CREATE TABLE [dbo].[Articles](\r\n\t[id] [int] IDENTITY(1,1) NOT NULL,\r\n\t[category_id] [int] NULL,\r\n\t[author_id] [int] NULL,\r\n\t[title] [nvarchar](max) NOT NULL,\r\n\t[slug] [nvarchar](255) NULL,\r\n\t[content] [nvarchar](max) NULL,\r\n\t[thumbnail_url] [nvarchar](max) NULL,\r\n\t[published_at] [datetime] NULL,\r\n\t[is_active] [bit] NULL,\r\nPRIMARY KEY CLUSTERED \r\n(\r\n\t[id] ASC\r\n)WITH (PAD_INDEX = OFF, STATISTICS_NORECOMPUTE = OFF, IGNORE_DUP_KEY = OFF, ALLOW_ROW_LOCKS = ON, ALLOW_PAGE_LOCKS = ON, OPTIMIZE_FOR_SEQUENTIAL_KEY = OFF) ON [PRIMARY]\r\n) ON [PRIMARY] TEXTIMAGE_ON [PRIMARY]\r\nGO\r\n"],"metadata":{"urn":"Server[@Name='Hoaideeptry']/Database[@Name='HotelManagementDB']/Table[@Name='Articles' and @Schema='dbo']","object_type":"Table"}},{"cell_type":"markdown","source":["# [dbo].[Attractions]"],"metadata":{"urn":"Server[@Name='Hoaideeptry']/Database[@Name='HotelManagementDB']/Table[@Name='Attractions' and @Schema='dbo']","object_type":"Table"}},{"outputs":[],"execution_count":0,"cell_type":"code","source":["/****** Object:  Table [dbo].[Attractions]    Script Date: 4/6/2026 11:24:33 PM ******/\r\nSET ANSI_NULLS ON\r\n","GO\r\n","SET QUOTED_IDENTIFIER ON\r\n","GO\r\n","CREATE TABLE [dbo].[Attractions](\r\n\t[id] [int] IDENTITY(1,1) NOT NULL,\r\n\t[name] [nvarchar](255) NOT NULL,\r\n\t[distance_km] [decimal](5, 2) NULL,\r\n\t[description] [nvarchar](max) NULL,\r\n\t[map_embed_link] [nvarchar](max) NULL,\r\n\t[latitude] [decimal](10, 8) NULL,\r\n\t[longitude] [decimal](11, 8) NULL,\r\n\t[address] [nvarchar](500) NULL,\r\n\t[is_active] [bit] NULL,\r\nPRIMARY KEY CLUSTERED \r\n(\r\n\t[id] ASC\r\n)WITH (PAD_INDEX = OFF, STATISTICS_NORECOMPUTE = OFF, IGNORE_DUP_KEY = OFF, ALLOW_ROW_LOCKS = ON, ALLOW_PAGE_LOCKS = ON, OPTIMIZE_FOR_SEQUENTIAL_KEY = OFF) ON [PRIMARY]\r\n) ON [PRIMARY] TEXTIMAGE_ON [PRIMARY]\r\nGO\r\n"],"metadata":{"urn":"Server[@Name='Hoaideeptry']/Database[@Name='HotelManagementDB']/Table[@Name='Attractions' and @Schema='dbo']","object_type":"Table"}},{"cell_type":"markdown","source":["# [dbo].[Audit_Logs]"],"metadata":{"urn":"Server[@Name='Hoaideeptry']/Database[@Name='HotelManagementDB']/Table[@Name='Audit_Logs' and @Schema='dbo']","object_type":"Table"}},{"outputs":[],"execution_count":0,"cell_type":"code","source":["/****** Object:  Table [dbo].[Audit_Logs]    Script Date: 4/6/2026 11:24:33 PM ******/\r\nSET ANSI_NULLS ON\r\n","GO\r\n","SET QUOTED_IDENTIFIER ON\r\n","GO\r\n","CREATE TABLE [dbo].[Audit_Logs](\r\n\t[id] [int] IDENTITY(1,1) NOT NULL,\r\n\t[user_id] [int] NULL,\r\n\t[action] [nvarchar](50) NOT NULL,\r\n\t[table_name] [nvarchar](100) NOT NULL,\r\n\t[record_id] [int] NOT NULL,\r\n\t[old_value] [nvarchar](max) NULL,\r\n\t[new_value] [nvarchar](max) NULL,\r\n\t[created_at] [datetime] NULL,\r\nPRIMARY KEY CLUSTERED \r\n(\r\n\t[id] ASC\r\n)WITH (PAD_INDEX = OFF, STATISTICS_NORECOMPUTE = OFF, IGNORE_DUP_KEY = OFF, ALLOW_ROW_LOCKS = ON, ALLOW_PAGE_LOCKS = ON, OPTIMIZE_FOR_SEQUENTIAL_KEY = OFF) ON [PRIMARY]\r\n) ON [PRIMARY] TEXTIMAGE_ON [PRIMARY]\r\nGO\r\n"],"metadata":{"urn":"Server[@Name='Hoaideeptry']/Database[@Name='HotelManagementDB']/Table[@Name='Audit_Logs' and @Schema='dbo']","object_type":"Table"}},{"cell_type":"markdown","source":["# [dbo].[Booking_Details]"],"metadata":{"urn":"Server[@Name='Hoaideeptry']/Database[@Name='HotelManagementDB']/Table[@Name='Booking_Details' and @Schema='dbo']","object_type":"Table"}},{"outputs":[],"execution_count":0,"cell_type":"code","source":["/****** Object:  Table [dbo].[Booking_Details]    Script Date: 4/6/2026 11:24:33 PM ******/\r\nSET ANSI_NULLS ON\r\n","GO\r\n","SET QUOTED_IDENTIFIER ON\r\n","GO\r\n","CREATE TABLE [dbo].[Booking_Details](\r\n\t[id] [int] IDENTITY(1,1) NOT NULL,\r\n\t[booking_id] [int] NULL,\r\n\t[room_id] [int] NULL,\r\n\t[room_type_id] [int] NULL,\r\n\t[check_in_date] [datetime] NOT NULL,\r\n\t[check_out_date] [datetime] NOT NULL,\r\n\t[price_per_night] [decimal](18, 2) NOT NULL,\r\nPRIMARY KEY CLUSTERED \r\n(\r\n\t[id] ASC\r\n)WITH (PAD_INDEX = OFF, STATISTICS_NORECOMPUTE = OFF, IGNORE_DUP_KEY = OFF, ALLOW_ROW_LOCKS = ON, ALLOW_PAGE_LOCKS = ON, OPTIMIZE_FOR_SEQUENTIAL_KEY = OFF) ON [PRIMARY]\r\n) ON [PRIMARY]\r\nGO\r\n"],"metadata":{"urn":"Server[@Name='Hoaideeptry']/Database[@Name='HotelManagementDB']/Table[@Name='Booking_Details' and @Schema='dbo']","object_type":"Table"}},{"cell_type":"markdown","source":["# [dbo].[Bookings]"],"metadata":{"urn":"Server[@Name='Hoaideeptry']/Database[@Name='HotelManagementDB']/Table[@Name='Bookings' and @Schema='dbo']","object_type":"Table"}},{"outputs":[],"execution_count":0,"cell_type":"code","source":["/****** Object:  Table [dbo].[Bookings]    Script Date: 4/6/2026 11:24:33 PM ******/\r\nSET ANSI_NULLS ON\r\n","GO\r\n","SET QUOTED_IDENTIFIER ON\r\n","GO\r\n","CREATE TABLE [dbo].[Bookings](\r\n\t[id] [int] IDENTITY(1,1) NOT NULL,\r\n\t[user_id] [int] NULL,\r\n\t[guest_name] [nvarchar](255) NULL,\r\n\t[guest_phone] [nvarchar](50) NULL,\r\n\t[guest_email] [nvarchar](255) NULL,\r\n\t[booking_code] [nvarchar](50) NOT NULL,\r\n\t[voucher_id] [int] NULL,\r\n\t[status] [nvarchar](50) NULL,\r\nPRIMARY KEY CLUSTERED \r\n(\r\n\t[id] ASC\r\n)WITH (PAD_INDEX = OFF, STATISTICS_NORECOMPUTE = OFF, IGNORE_DUP_KEY = OFF, ALLOW_ROW_LOCKS = ON, ALLOW_PAGE_LOCKS = ON, OPTIMIZE_FOR_SEQUENTIAL_KEY = OFF) ON [PRIMARY]\r\n) ON [PRIMARY]\r\nGO\r\n"],"metadata":{"urn":"Server[@Name='Hoaideeptry']/Database[@Name='HotelManagementDB']/Table[@Name='Bookings' and @Schema='dbo']","object_type":"Table"}},{"cell_type":"markdown","source":["# [dbo].[Equipments]"],"metadata":{"urn":"Server[@Name='Hoaideeptry']/Database[@Name='HotelManagementDB']/Table[@Name='Equipments' and @Schema='dbo']","object_type":"Table"}},{"outputs":[],"execution_count":0,"cell_type":"code","source":["/****** Object:  Table [dbo].[Equipments]    Script Date: 4/6/2026 11:24:33 PM ******/\r\nSET ANSI_NULLS ON\r\n","GO\r\n","SET QUOTED_IDENTIFIER ON\r\n","GO\r\n","CREATE TABLE [dbo].[Equipments](\r\n\t[Id] [int] IDENTITY(1,1) NOT NULL,\r\n\t[ItemCode] [varchar](50) NOT NULL,\r\n\t[Name] [nvarchar](255) NOT NULL,\r\n\t[Category] [nvarchar](100) NOT NULL,\r\n\t[Unit] [nvarchar](50) NOT NULL,\r\n\t[TotalQuantity] [int] NOT NULL,\r\n\t[InUseQuantity] [int] NOT NULL,\r\n\t[DamagedQuantity] [int] NOT NULL,\r\n\t[LiquidatedQuantity] [int] NOT NULL,\r\n\t[InStockQuantity]  AS ((([TotalQuantity]-[InUseQuantity])-[DamagedQuantity])-[LiquidatedQuantity]),\r\n\t[BasePrice] [decimal](18, 2) NOT NULL,\r\n\t[DefaultPriceIfLost] [decimal](18, 2) NOT NULL,\r\n\t[Supplier] [nvarchar](255) NULL,\r\n\t[IsActive] [bit] NOT NULL,\r\n\t[CreatedAt] [datetime] NULL,\r\n\t[UpdatedAt] [datetime] NULL,\r\n\t[ImageUrl] [nvarchar](max) NULL,\r\nPRIMARY KEY CLUSTERED \r\n(\r\n\t[Id] ASC\r\n)WITH (PAD_INDEX = OFF, STATISTICS_NORECOMPUTE = OFF, IGNORE_DUP_KEY = OFF, ALLOW_ROW_LOCKS = ON, ALLOW_PAGE_LOCKS = ON, OPTIMIZE_FOR_SEQUENTIAL_KEY = OFF) ON [PRIMARY]\r\n) ON [PRIMARY] TEXTIMAGE_ON [PRIMARY]\r\nGO\r\n"],"metadata":{"urn":"Server[@Name='Hoaideeptry']/Database[@Name='HotelManagementDB']/Table[@Name='Equipments' and @Schema='dbo']","object_type":"Table"}},{"cell_type":"markdown","source":["# [dbo].[Invoices]"],"metadata":{"urn":"Server[@Name='Hoaideeptry']/Database[@Name='HotelManagementDB']/Table[@Name='Invoices' and @Schema='dbo']","object_type":"Table"}},{"outputs":[],"execution_count":0,"cell_type":"code","source":["/****** Object:  Table [dbo].[Invoices]    Script Date: 4/6/2026 11:24:33 PM ******/\r\nSET ANSI_NULLS ON\r\n","GO\r\n","SET QUOTED_IDENTIFIER ON\r\n","GO\r\n","CREATE TABLE [dbo].[Invoices](\r\n\t[id] [int] IDENTITY(1,1) NOT NULL,\r\n\t[booking_id] [int] NULL,\r\n\t[total_room_amount] [decimal](18, 2) NULL,\r\n\t[total_service_amount] [decimal](18, 2) NULL,\r\n\t[discount_amount] [decimal](18, 2) NULL,\r\n\t[tax_amount] [decimal](18, 2) NULL,\r\n\t[final_total] [decimal](18, 2) NULL,\r\n\t[status] [nvarchar](50) NULL,\r\nPRIMARY KEY CLUSTERED \r\n(\r\n\t[id] ASC\r\n)WITH (PAD_INDEX = OFF, STATISTICS_NORECOMPUTE = OFF, IGNORE_DUP_KEY = OFF, ALLOW_ROW_LOCKS = ON, ALLOW_PAGE_LOCKS = ON, OPTIMIZE_FOR_SEQUENTIAL_KEY = OFF) ON [PRIMARY]\r\n) ON [PRIMARY]\r\nGO\r\n"],"metadata":{"urn":"Server[@Name='Hoaideeptry']/Database[@Name='HotelManagementDB']/Table[@Name='Invoices' and @Schema='dbo']","object_type":"Table"}},{"cell_type":"markdown","source":["# [dbo].[Loss_And_Damages]"],"metadata":{"urn":"Server[@Name='Hoaideeptry']/Database[@Name='HotelManagementDB']/Table[@Name='Loss_And_Damages' and @Schema='dbo']","object_type":"Table"}},{"outputs":[],"execution_count":0,"cell_type":"code","source":["/****** Object:  Table [dbo].[Loss_And_Damages]    Script Date: 4/6/2026 11:24:33 PM ******/\r\nSET ANSI_NULLS ON\r\n","GO\r\n","SET QUOTED_IDENTIFIER ON\r\n","GO\r\n","CREATE TABLE [dbo].[Loss_And_Damages](\r\n\t[id] [int] IDENTITY(1,1) NOT NULL,\r\n\t[booking_detail_id] [int] NULL,\r\n\t[room_inventory_id] [int] NULL,\r\n\t[quantity] [int] NOT NULL,\r\n\t[penalty_amount] [decimal](18, 2) NOT NULL,\r\n\t[description] [nvarchar](max) NULL,\r\n\t[created_at] [datetime] NULL,\r\n\t[ImageUrl] [nvarchar](max) NULL,\r\n\t[Status] [int] NULL,\r\nPRIMARY KEY CLUSTERED \r\n(\r\n\t[id] ASC\r\n)WITH (PAD_INDEX = OFF, STATISTICS_NORECOMPUTE = OFF, IGNORE_DUP_KEY = OFF, ALLOW_ROW_LOCKS = ON, ALLOW_PAGE_LOCKS = ON, OPTIMIZE_FOR_SEQUENTIAL_KEY = OFF) ON [PRIMARY]\r\n) ON [PRIMARY] TEXTIMAGE_ON [PRIMARY]\r\nGO\r\n"],"metadata":{"urn":"Server[@Name='Hoaideeptry']/Database[@Name='HotelManagementDB']/Table[@Name='Loss_And_Damages' and @Schema='dbo']","object_type":"Table"}},{"cell_type":"markdown","source":["# [dbo].[Memberships]"],"metadata":{"urn":"Server[@Name='Hoaideeptry']/Database[@Name='HotelManagementDB']/Table[@Name='Memberships' and @Schema='dbo']","object_type":"Table"}},{"outputs":[],"execution_count":0,"cell_type":"code","source":["/****** Object:  Table [dbo].[Memberships]    Script Date: 4/6/2026 11:24:33 PM ******/\r\nSET ANSI_NULLS ON\r\n","GO\r\n","SET QUOTED_IDENTIFIER ON\r\n","GO\r\n","CREATE TABLE [dbo].[Memberships](\r\n\t[id] [int] IDENTITY(1,1) NOT NULL,\r\n\t[tier_name] [nvarchar](100) NOT NULL,\r\n\t[min_points] [int] NULL,\r\n\t[discount_percent] [decimal](5, 2) NULL,\r\nPRIMARY KEY CLUSTERED \r\n(\r\n\t[id] ASC\r\n)WITH (PAD_INDEX = OFF, STATISTICS_NORECOMPUTE = OFF, IGNORE_DUP_KEY = OFF, ALLOW_ROW_LOCKS = ON, ALLOW_PAGE_LOCKS = ON, OPTIMIZE_FOR_SEQUENTIAL_KEY = OFF) ON [PRIMARY]\r\n) ON [PRIMARY]\r\nGO\r\n"],"metadata":{"urn":"Server[@Name='Hoaideeptry']/Database[@Name='HotelManagementDB']/Table[@Name='Memberships' and @Schema='dbo']","object_type":"Table"}},{"cell_type":"markdown","source":["# [dbo].[Notifications]"],"metadata":{"urn":"Server[@Name='Hoaideeptry']/Database[@Name='HotelManagementDB']/Table[@Name='Notifications' and @Schema='dbo']","object_type":"Table"}},{"outputs":[],"execution_count":0,"cell_type":"code","source":["/****** Object:  Table [dbo].[Notifications]    Script Date: 4/6/2026 11:24:33 PM ******/\r\nSET ANSI_NULLS ON\r\n","GO\r\n","SET QUOTED_IDENTIFIER ON\r\n","GO\r\n","CREATE TABLE [dbo].[Notifications](\r\n\t[id] [int] IDENTITY(1,1) NOT NULL,\r\n\t[user_id] [int] NULL,\r\n\t[title] [nvarchar](255) NOT NULL,\r\n\t[content] [nvarchar](max) NOT NULL,\r\n\t[type] [varchar](50) NULL,\r\n\t[reference_link] [varchar](255) NULL,\r\n\t[is_read] [bit] NOT NULL,\r\n\t[created_at] [datetime] NULL,\r\n CONSTRAINT [PK_Notifications] PRIMARY KEY CLUSTERED \r\n(\r\n\t[id] ASC\r\n)WITH (PAD_INDEX = OFF, STATISTICS_NORECOMPUTE = OFF, IGNORE_DUP_KEY = OFF, ALLOW_ROW_LOCKS = ON, ALLOW_PAGE_LOCKS = ON, OPTIMIZE_FOR_SEQUENTIAL_KEY = OFF) ON [PRIMARY]\r\n) ON [PRIMARY] TEXTIMAGE_ON [PRIMARY]\r\nGO\r\n"],"metadata":{"urn":"Server[@Name='Hoaideeptry']/Database[@Name='HotelManagementDB']/Table[@Name='Notifications' and @Schema='dbo']","object_type":"Table"}},{"cell_type":"markdown","source":["# [dbo].[Order_Service_Details]"],"metadata":{"urn":"Server[@Name='Hoaideeptry']/Database[@Name='HotelManagementDB']/Table[@Name='Order_Service_Details' and @Schema='dbo']","object_type":"Table"}},{"outputs":[],"execution_count":0,"cell_type":"code","source":["/****** Object:  Table [dbo].[Order_Service_Details]    Script Date: 4/6/2026 11:24:33 PM ******/\r\nSET ANSI_NULLS ON\r\n","GO\r\n","SET QUOTED_IDENTIFIER ON\r\n","GO\r\n","CREATE TABLE [dbo].[Order_Service_Details](\r\n\t[id] [int] IDENTITY(1,1) NOT NULL,\r\n\t[order_service_id] [int] NULL,\r\n\t[service_id] [int] NULL,\r\n\t[quantity] [int] NOT NULL,\r\n\t[unit_price] [decimal](18, 2) NOT NULL,\r\nPRIMARY KEY CLUSTERED \r\n(\r\n\t[id] ASC\r\n)WITH (PAD_INDEX = OFF, STATISTICS_NORECOMPUTE = OFF, IGNORE_DUP_KEY = OFF, ALLOW_ROW_LOCKS = ON, ALLOW_PAGE_LOCKS = ON, OPTIMIZE_FOR_SEQUENTIAL_KEY = OFF) ON [PRIMARY]\r\n) ON [PRIMARY]\r\nGO\r\n"],"metadata":{"urn":"Server[@Name='Hoaideeptry']/Database[@Name='HotelManagementDB']/Table[@Name='Order_Service_Details' and @Schema='dbo']","object_type":"Table"}},{"cell_type":"markdown","source":["# [dbo].[Order_Services]"],"metadata":{"urn":"Server[@Name='Hoaideeptry']/Database[@Name='HotelManagementDB']/Table[@Name='Order_Services' and @Schema='dbo']","object_type":"Table"}},{"outputs":[],"execution_count":0,"cell_type":"code","source":["/****** Object:  Table [dbo].[Order_Services]    Script Date: 4/6/2026 11:24:33 PM ******/\r\nSET ANSI_NULLS ON\r\n","GO\r\n","SET QUOTED_IDENTIFIER ON\r\n","GO\r\n","CREATE TABLE [dbo].[Order_Services](\r\n\t[id] [int] IDENTITY(1,1) NOT NULL,\r\n\t[booking_detail_id] [int] NULL,\r\n\t[order_date] [datetime] NULL,\r\n\t[total_amount] [decimal](18, 2) NULL,\r\n\t[status] [nvarchar](50) NULL,\r\nPRIMARY KEY CLUSTERED \r\n(\r\n\t[id] ASC\r\n)WITH (PAD_INDEX = OFF, STATISTICS_NORECOMPUTE = OFF, IGNORE_DUP_KEY = OFF, ALLOW_ROW_LOCKS = ON, ALLOW_PAGE_LOCKS = ON, OPTIMIZE_FOR_SEQUENTIAL_KEY = OFF) ON [PRIMARY]\r\n) ON [PRIMARY]\r\nGO\r\n"],"metadata":{"urn":"Server[@Name='Hoaideeptry']/Database[@Name='HotelManagementDB']/Table[@Name='Order_Services' and @Schema='dbo']","object_type":"Table"}},{"cell_type":"markdown","source":["# [dbo].[Payments]"],"metadata":{"urn":"Server[@Name='Hoaideeptry']/Database[@Name='HotelManagementDB']/Table[@Name='Payments' and @Schema='dbo']","object_type":"Table"}},{"outputs":[],"execution_count":0,"cell_type":"code","source":["/****** Object:  Table [dbo].[Payments]    Script Date: 4/6/2026 11:24:33 PM ******/\r\nSET ANSI_NULLS ON\r\n","GO\r\n","SET QUOTED_IDENTIFIER ON\r\n","GO\r\n","CREATE TABLE [dbo].[Payments](\r\n\t[id] [int] IDENTITY(1,1) NOT NULL,\r\n\t[invoice_id] [int] NULL,\r\n\t[payment_method] [nvarchar](50) NULL,\r\n\t[amount_paid] [decimal](18, 2) NOT NULL,\r\n\t[transaction_code] [nvarchar](100) NULL,\r\n\t[payment_date] [datetime] NULL,\r\nPRIMARY KEY CLUSTERED \r\n(\r\n\t[id] ASC\r\n)WITH (PAD_INDEX = OFF, STATISTICS_NORECOMPUTE = OFF, IGNORE_DUP_KEY = OFF, ALLOW_ROW_LOCKS = ON, ALLOW_PAGE_LOCKS = ON, OPTIMIZE_FOR_SEQUENTIAL_KEY = OFF) ON [PRIMARY]\r\n) ON [PRIMARY]\r\nGO\r\n"],"metadata":{"urn":"Server[@Name='Hoaideeptry']/Database[@Name='HotelManagementDB']/Table[@Name='Payments' and @Schema='dbo']","object_type":"Table"}},{"cell_type":"markdown","source":["# [dbo].[Permissions]"],"metadata":{"urn":"Server[@Name='Hoaideeptry']/Database[@Name='HotelManagementDB']/Table[@Name='Permissions' and @Schema='dbo']","object_type":"Table"}},{"outputs":[],"execution_count":0,"cell_type":"code","source":["/****** Object:  Table [dbo].[Permissions]    Script Date: 4/6/2026 11:24:33 PM ******/\r\nSET ANSI_NULLS ON\r\n","GO\r\n","SET QUOTED_IDENTIFIER ON\r\n","GO\r\n","CREATE TABLE [dbo].[Permissions](\r\n\t[id] [int] IDENTITY(1,1) NOT NULL,\r\n\t[name] [nvarchar](100) NOT NULL,\r\nPRIMARY KEY CLUSTERED \r\n(\r\n\t[id] ASC\r\n)WITH (PAD_INDEX = OFF, STATISTICS_NORECOMPUTE = OFF, IGNORE_DUP_KEY = OFF, ALLOW_ROW_LOCKS = ON, ALLOW_PAGE_LOCKS = ON, OPTIMIZE_FOR_SEQUENTIAL_KEY = OFF) ON [PRIMARY]\r\n) ON [PRIMARY]\r\nGO\r\n"],"metadata":{"urn":"Server[@Name='Hoaideeptry']/Database[@Name='HotelManagementDB']/Table[@Name='Permissions' and @Schema='dbo']","object_type":"Table"}},{"cell_type":"markdown","source":["# [dbo].[Reviews]"],"metadata":{"urn":"Server[@Name='Hoaideeptry']/Database[@Name='HotelManagementDB']/Table[@Name='Reviews' and @Schema='dbo']","object_type":"Table"}},{"outputs":[],"execution_count":0,"cell_type":"code","source":["/****** Object:  Table [dbo].[Reviews]    Script Date: 4/6/2026 11:24:33 PM ******/\r\nSET ANSI_NULLS ON\r\n","GO\r\n","SET QUOTED_IDENTIFIER ON\r\n","GO\r\n","CREATE TABLE [dbo].[Reviews](\r\n\t[id] [int] IDENTITY(1,1) NOT NULL,\r\n\t[user_id] [int] NULL,\r\n\t[room_type_id] [int] NULL,\r\n\t[rating] [int] NULL,\r\n\t[comment] [nvarchar](max) NULL,\r\n\t[created_at] [datetime] NULL,\r\nPRIMARY KEY CLUSTERED \r\n(\r\n\t[id] ASC\r\n)WITH (PAD_INDEX = OFF, STATISTICS_NORECOMPUTE = OFF, IGNORE_DUP_KEY = OFF, ALLOW_ROW_LOCKS = ON, ALLOW_PAGE_LOCKS = ON, OPTIMIZE_FOR_SEQUENTIAL_KEY = OFF) ON [PRIMARY]\r\n) ON [PRIMARY] TEXTIMAGE_ON [PRIMARY]\r\nGO\r\n"],"metadata":{"urn":"Server[@Name='Hoaideeptry']/Database[@Name='HotelManagementDB']/Table[@Name='Reviews' and @Schema='dbo']","object_type":"Table"}},{"cell_type":"markdown","source":["# [dbo].[Role_Permissions]"],"metadata":{"urn":"Server[@Name='Hoaideeptry']/Database[@Name='HotelManagementDB']/Table[@Name='Role_Permissions' and @Schema='dbo']","object_type":"Table"}},{"outputs":[],"execution_count":0,"cell_type":"code","source":["/****** Object:  Table [dbo].[Role_Permissions]    Script Date: 4/6/2026 11:24:33 PM ******/\r\nSET ANSI_NULLS ON\r\n","GO\r\n","SET QUOTED_IDENTIFIER ON\r\n","GO\r\n","CREATE TABLE [dbo].[Role_Permissions](\r\n\t[role_id] [int] NOT NULL,\r\n\t[permission_id] [int] NOT NULL,\r\nPRIMARY KEY CLUSTERED \r\n(\r\n\t[role_id] ASC,\r\n\t[permission_id] ASC\r\n)WITH (PAD_INDEX = OFF, STATISTICS_NORECOMPUTE = OFF, IGNORE_DUP_KEY = OFF, ALLOW_ROW_LOCKS = ON, ALLOW_PAGE_LOCKS = ON, OPTIMIZE_FOR_SEQUENTIAL_KEY = OFF) ON [PRIMARY]\r\n) ON [PRIMARY]\r\nGO\r\n"],"metadata":{"urn":"Server[@Name='Hoaideeptry']/Database[@Name='HotelManagementDB']/Table[@Name='Role_Permissions' and @Schema='dbo']","object_type":"Table"}},{"cell_type":"markdown","source":["# [dbo].[Roles]"],"metadata":{"urn":"Server[@Name='Hoaideeptry']/Database[@Name='HotelManagementDB']/Table[@Name='Roles' and @Schema='dbo']","object_type":"Table"}},{"outputs":[],"execution_count":0,"cell_type":"code","source":["/****** Object:  Table [dbo].[Roles]    Script Date: 4/6/2026 11:24:33 PM ******/\r\nSET ANSI_NULLS ON\r\n","GO\r\n","SET QUOTED_IDENTIFIER ON\r\n","GO\r\n","CREATE TABLE [dbo].[Roles](\r\n\t[id] [int] IDENTITY(1,1) NOT NULL,\r\n\t[name] [nvarchar](100) NOT NULL,\r\n\t[description] [nvarchar](max) NULL,\r\nPRIMARY KEY CLUSTERED \r\n(\r\n\t[id] ASC\r\n)WITH (PAD_INDEX = OFF, STATISTICS_NORECOMPUTE = OFF, IGNORE_DUP_KEY = OFF, ALLOW_ROW_LOCKS = ON, ALLOW_PAGE_LOCKS = ON, OPTIMIZE_FOR_SEQUENTIAL_KEY = OFF) ON [PRIMARY]\r\n) ON [PRIMARY] TEXTIMAGE_ON [PRIMARY]\r\nGO\r\n"],"metadata":{"urn":"Server[@Name='Hoaideeptry']/Database[@Name='HotelManagementDB']/Table[@Name='Roles' and @Schema='dbo']","object_type":"Table"}},{"cell_type":"markdown","source":["# [dbo].[Room_Images]"],"metadata":{"urn":"Server[@Name='Hoaideeptry']/Database[@Name='HotelManagementDB']/Table[@Name='Room_Images' and @Schema='dbo']","object_type":"Table"}},{"outputs":[],"execution_count":0,"cell_type":"code","source":["/****** Object:  Table [dbo].[Room_Images]    Script Date: 4/6/2026 11:24:33 PM ******/\r\nSET ANSI_NULLS ON\r\n","GO\r\n","SET QUOTED_IDENTIFIER ON\r\n","GO\r\n","CREATE TABLE [dbo].[Room_Images](\r\n\t[id] [int] IDENTITY(1,1) NOT NULL,\r\n\t[room_type_id] [int] NULL,\r\n\t[image_url] [nvarchar](max) NOT NULL,\r\n\t[is_primary] [bit] NULL,\r\n\t[is_active] [bit] NULL,\r\nPRIMARY KEY CLUSTERED \r\n(\r\n\t[id] ASC\r\n)WITH (PAD_INDEX = OFF, STATISTICS_NORECOMPUTE = OFF, IGNORE_DUP_KEY = OFF, ALLOW_ROW_LOCKS = ON, ALLOW_PAGE_LOCKS = ON, OPTIMIZE_FOR_SEQUENTIAL_KEY = OFF) ON [PRIMARY]\r\n) ON [PRIMARY] TEXTIMAGE_ON [PRIMARY]\r\nGO\r\n"],"metadata":{"urn":"Server[@Name='Hoaideeptry']/Database[@Name='HotelManagementDB']/Table[@Name='Room_Images' and @Schema='dbo']","object_type":"Table"}},{"cell_type":"markdown","source":["# [dbo].[Room_Inventory]"],"metadata":{"urn":"Server[@Name='Hoaideeptry']/Database[@Name='HotelManagementDB']/Table[@Name='Room_Inventory' and @Schema='dbo']","object_type":"Table"}},{"outputs":[],"execution_count":0,"cell_type":"code","source":["/****** Object:  Table [dbo].[Room_Inventory]    Script Date: 4/6/2026 11:24:33 PM ******/\r\nSET ANSI_NULLS ON\r\n","GO\r\n","SET QUOTED_IDENTIFIER ON\r\n","GO\r\n","CREATE TABLE [dbo].[Room_Inventory](\r\n\t[id] [int] IDENTITY(1,1) NOT NULL,\r\n\t[room_id] [int] NULL,\r\n\t[quantity] [int] NULL,\r\n\t[price_if_lost] [decimal](18, 2) NULL,\r\n\t[note] [nvarchar](255) NULL,\r\n\t[is_active] [bit] NULL,\r\n\t[item_type] [varchar](50) NULL,\r\n\t[EquipmentId] [int] NOT NULL,\r\nPRIMARY KEY CLUSTERED \r\n(\r\n\t[id] ASC\r\n)WITH (PAD_INDEX = OFF, STATISTICS_NORECOMPUTE = OFF, IGNORE_DUP_KEY = OFF, ALLOW_ROW_LOCKS = ON, ALLOW_PAGE_LOCKS = ON, OPTIMIZE_FOR_SEQUENTIAL_KEY = OFF) ON [PRIMARY]\r\n) ON [PRIMARY]\r\nGO\r\n"],"metadata":{"urn":"Server[@Name='Hoaideeptry']/Database[@Name='HotelManagementDB']/Table[@Name='Room_Inventory' and @Schema='dbo']","object_type":"Table"}},{"cell_type":"markdown","source":["# [dbo].[Room_Types]"],"metadata":{"urn":"Server[@Name='Hoaideeptry']/Database[@Name='HotelManagementDB']/Table[@Name='Room_Types' and @Schema='dbo']","object_type":"Table"}},{"outputs":[],"execution_count":0,"cell_type":"code","source":["/****** Object:  Table [dbo].[Room_Types]    Script Date: 4/6/2026 11:24:33 PM ******/\r\nSET ANSI_NULLS ON\r\n","GO\r\n","SET QUOTED_IDENTIFIER ON\r\n","GO\r\n","CREATE TABLE [dbo].[Room_Types](\r\n\t[id] [int] IDENTITY(1,1) NOT NULL,\r\n\t[name] [nvarchar](255) NOT NULL,\r\n\t[base_price] [decimal](18, 2) NOT NULL,\r\n\t[capacity_adults] [int] NOT NULL,\r\n\t[capacity_children] [int] NOT NULL,\r\n\t[description] [nvarchar](max) NULL,\r\n\t[size_sqm] [int] NULL,\r\n\t[bed_type] [nvarchar](100) NULL,\r\n\t[view_type] [nvarchar](100) NULL,\r\n\t[is_active] [bit] NULL,\r\n\t[slug] [varchar](255) NULL,\r\n\t[content] [nvarchar](max) NULL,\r\nPRIMARY KEY CLUSTERED \r\n(\r\n\t[id] ASC\r\n)WITH (PAD_INDEX = OFF, STATISTICS_NORECOMPUTE = OFF, IGNORE_DUP_KEY = OFF, ALLOW_ROW_LOCKS = ON, ALLOW_PAGE_LOCKS = ON, OPTIMIZE_FOR_SEQUENTIAL_KEY = OFF) ON [PRIMARY]\r\n) ON [PRIMARY] TEXTIMAGE_ON [PRIMARY]\r\nGO\r\n"],"metadata":{"urn":"Server[@Name='Hoaideeptry']/Database[@Name='HotelManagementDB']/Table[@Name='Room_Types' and @Schema='dbo']","object_type":"Table"}},{"cell_type":"markdown","source":["# [dbo].[Rooms]"],"metadata":{"urn":"Server[@Name='Hoaideeptry']/Database[@Name='HotelManagementDB']/Table[@Name='Rooms' and @Schema='dbo']","object_type":"Table"}},{"outputs":[],"execution_count":0,"cell_type":"code","source":["/****** Object:  Table [dbo].[Rooms]    Script Date: 4/6/2026 11:24:33 PM ******/\r\nSET ANSI_NULLS ON\r\n","GO\r\n","SET QUOTED_IDENTIFIER ON\r\n","GO\r\n","CREATE TABLE [dbo].[Rooms](\r\n\t[id] [int] IDENTITY(1,1) NOT NULL,\r\n\t[room_type_id] [int] NULL,\r\n\t[room_number] [nvarchar](50) NOT NULL,\r\n\t[floor] [int] NULL,\r\n\t[status] [nvarchar](50) NULL,\r\n\t[cleaning_status] [varchar](50) NULL,\r\n\t[extension_number] [varchar](20) NULL,\r\nPRIMARY KEY CLUSTERED \r\n(\r\n\t[id] ASC\r\n)WITH (PAD_INDEX = OFF, STATISTICS_NORECOMPUTE = OFF, IGNORE_DUP_KEY = OFF, ALLOW_ROW_LOCKS = ON, ALLOW_PAGE_LOCKS = ON, OPTIMIZE_FOR_SEQUENTIAL_KEY = OFF) ON [PRIMARY]\r\n) ON [PRIMARY]\r\nGO\r\n"],"metadata":{"urn":"Server[@Name='Hoaideeptry']/Database[@Name='HotelManagementDB']/Table[@Name='Rooms' and @Schema='dbo']","object_type":"Table"}},{"cell_type":"markdown","source":["# [dbo].[RoomType_Amenities]"],"metadata":{"urn":"Server[@Name='Hoaideeptry']/Database[@Name='HotelManagementDB']/Table[@Name='RoomType_Amenities' and @Schema='dbo']","object_type":"Table"}},{"outputs":[],"execution_count":0,"cell_type":"code","source":["/****** Object:  Table [dbo].[RoomType_Amenities]    Script Date: 4/6/2026 11:24:33 PM ******/\r\nSET ANSI_NULLS ON\r\n","GO\r\n","SET QUOTED_IDENTIFIER ON\r\n","GO\r\n","CREATE TABLE [dbo].[RoomType_Amenities](\r\n\t[room_type_id] [int] NOT NULL,\r\n\t[amenity_id] [int] NOT NULL,\r\nPRIMARY KEY CLUSTERED \r\n(\r\n\t[room_type_id] ASC,\r\n\t[amenity_id] ASC\r\n)WITH (PAD_INDEX = OFF, STATISTICS_NORECOMPUTE = OFF, IGNORE_DUP_KEY = OFF, ALLOW_ROW_LOCKS = ON, ALLOW_PAGE_LOCKS = ON, OPTIMIZE_FOR_SEQUENTIAL_KEY = OFF) ON [PRIMARY]\r\n) ON [PRIMARY]\r\nGO\r\n"],"metadata":{"urn":"Server[@Name='Hoaideeptry']/Database[@Name='HotelManagementDB']/Table[@Name='RoomType_Amenities' and @Schema='dbo']","object_type":"Table"}},{"cell_type":"markdown","source":["# [dbo].[Service_Categories]"],"metadata":{"urn":"Server[@Name='Hoaideeptry']/Database[@Name='HotelManagementDB']/Table[@Name='Service_Categories' and @Schema='dbo']","object_type":"Table"}},{"outputs":[],"execution_count":0,"cell_type":"code","source":["/****** Object:  Table [dbo].[Service_Categories]    Script Date: 4/6/2026 11:24:33 PM ******/\r\nSET ANSI_NULLS ON\r\n","GO\r\n","SET QUOTED_IDENTIFIER ON\r\n","GO\r\n","CREATE TABLE [dbo].[Service_Categories](\r\n\t[id] [int] IDENTITY(1,1) NOT NULL,\r\n\t[name] [nvarchar](255) NOT NULL,\r\nPRIMARY KEY CLUSTERED \r\n(\r\n\t[id] ASC\r\n)WITH (PAD_INDEX = OFF, STATISTICS_NORECOMPUTE = OFF, IGNORE_DUP_KEY = OFF, ALLOW_ROW_LOCKS = ON, ALLOW_PAGE_LOCKS = ON, OPTIMIZE_FOR_SEQUENTIAL_KEY = OFF) ON [PRIMARY]\r\n) ON [PRIMARY]\r\nGO\r\n"],"metadata":{"urn":"Server[@Name='Hoaideeptry']/Database[@Name='HotelManagementDB']/Table[@Name='Service_Categories' and @Schema='dbo']","object_type":"Table"}},{"cell_type":"markdown","source":["# [dbo].[Services]"],"metadata":{"urn":"Server[@Name='Hoaideeptry']/Database[@Name='HotelManagementDB']/Table[@Name='Services' and @Schema='dbo']","object_type":"Table"}},{"outputs":[],"execution_count":0,"cell_type":"code","source":["/****** Object:  Table [dbo].[Services]    Script Date: 4/6/2026 11:24:33 PM ******/\r\nSET ANSI_NULLS ON\r\n","GO\r\n","SET QUOTED_IDENTIFIER ON\r\n","GO\r\n","CREATE TABLE [dbo].[Services](\r\n\t[id] [int] IDENTITY(1,1) NOT NULL,\r\n\t[category_id] [int] NULL,\r\n\t[name] [nvarchar](255) NOT NULL,\r\n\t[price] [decimal](18, 2) NOT NULL,\r\n\t[unit] [nvarchar](50) NULL,\r\nPRIMARY KEY CLUSTERED \r\n(\r\n\t[id] ASC\r\n)WITH (PAD_INDEX = OFF, STATISTICS_NORECOMPUTE = OFF, IGNORE_DUP_KEY = OFF, ALLOW_ROW_LOCKS = ON, ALLOW_PAGE_LOCKS = ON, OPTIMIZE_FOR_SEQUENTIAL_KEY = OFF) ON [PRIMARY]\r\n) ON [PRIMARY]\r\nGO\r\n"],"metadata":{"urn":"Server[@Name='Hoaideeptry']/Database[@Name='HotelManagementDB']/Table[@Name='Services' and @Schema='dbo']","object_type":"Table"}},{"cell_type":"markdown","source":["# [dbo].[Users]"],"metadata":{"urn":"Server[@Name='Hoaideeptry']/Database[@Name='HotelManagementDB']/Table[@Name='Users' and @Schema='dbo']","object_type":"Table"}},{"outputs":[],"execution_count":0,"cell_type":"code","source":["/****** Object:  Table [dbo].[Users]    Script Date: 4/6/2026 11:24:33 PM ******/\r\nSET ANSI_NULLS ON\r\n","GO\r\n","SET QUOTED_IDENTIFIER ON\r\n","GO\r\n","CREATE TABLE [dbo].[Users](\r\n\t[id] [int] IDENTITY(1,1) NOT NULL,\r\n\t[role_id] [int] NULL,\r\n\t[membership_id] [int] NULL,\r\n\t[full_name] [nvarchar](255) NOT NULL,\r\n\t[email] [nvarchar](255) NOT NULL,\r\n\t[phone] [nvarchar](50) NULL,\r\n\t[password_hash] [nvarchar](max) NOT NULL,\r\n\t[status] [bit] NULL,\r\n\t[avatar_url] [nvarchar](255) NULL,\r\n\t[created_at] [datetime] NULL,\r\n\t[date_of_birth] [date] NULL,\r\n\t[address] [nvarchar](500) NULL,\r\nPRIMARY KEY CLUSTERED \r\n(\r\n\t[id] ASC\r\n)WITH (PAD_INDEX = OFF, STATISTICS_NORECOMPUTE = OFF, IGNORE_DUP_KEY = OFF, ALLOW_ROW_LOCKS = ON, ALLOW_PAGE_LOCKS = ON, OPTIMIZE_FOR_SEQUENTIAL_KEY = OFF) ON [PRIMARY]\r\n) ON [PRIMARY] TEXTIMAGE_ON [PRIMARY]\r\nGO\r\n"],"metadata":{"urn":"Server[@Name='Hoaideeptry']/Database[@Name='HotelManagementDB']/Table[@Name='Users' and @Schema='dbo']","object_type":"Table"}},{"cell_type":"markdown","source":["# [dbo].[Vouchers]"],"metadata":{"urn":"Server[@Name='Hoaideeptry']/Database[@Name='HotelManagementDB']/Table[@Name='Vouchers' and @Schema='dbo']","object_type":"Table"}},{"outputs":[],"execution_count":0,"cell_type":"code","source":["/****** Object:  Table [dbo].[Vouchers]    Script Date: 4/6/2026 11:24:33 PM ******/\r\nSET ANSI_NULLS ON\r\n","GO\r\n","SET QUOTED_IDENTIFIER ON\r\n","GO\r\n","CREATE TABLE [dbo].[Vouchers](\r\n\t[id] [int] IDENTITY(1,1) NOT NULL,\r\n\t[code] [nvarchar](50) NOT NULL,\r\n\t[discount_type] [nvarchar](50) NOT NULL,\r\n\t[discount_value] [decimal](18, 2) NOT NULL,\r\n\t[min_booking_value] [decimal](18, 2) NULL,\r\n\t[valid_from] [datetime] NULL,\r\n\t[valid_to] [datetime] NULL,\r\n\t[usage_limit] [int] NULL,\r\nPRIMARY KEY CLUSTERED \r\n(\r\n\t[id] ASC\r\n)WITH (PAD_INDEX = OFF, STATISTICS_NORECOMPUTE = OFF, IGNORE_DUP_KEY = OFF, ALLOW_ROW_LOCKS = ON, ALLOW_PAGE_LOCKS = ON, OPTIMIZE_FOR_SEQUENTIAL_KEY = OFF) ON [PRIMARY]\r\n) ON [PRIMARY]\r\nGO\r\n"],"metadata":{"urn":"Server[@Name='Hoaideeptry']/Database[@Name='HotelManagementDB']/Table[@Name='Vouchers' and @Schema='dbo']","object_type":"Table"}},{"cell_type":"markdown","source":["# [dbo].[Amenities]"],"metadata":{"urn":"Server[@Name='Hoaideeptry']/Database[@Name='HotelManagementDB']/Table[@Name='Amenities' and @Schema='dbo']","object_type":"Table"}},{"outputs":[],"execution_count":0,"cell_type":"code","source":["SET IDENTITY_INSERT [dbo].[Amenities] ON \r\n","INSERT [dbo].[Amenities] ([id], [name], [icon_url], [is_active]) VALUES (1, N'Wifi Miễn Phí', N'wifi.png', 1)\r\n","INSERT [dbo].[Amenities] ([id], [name], [icon_url], [is_active]) VALUES (2, N'Smart TV', N'tv.png', 1)\r\n","INSERT [dbo].[Amenities] ([id], [name], [icon_url], [is_active]) VALUES (3, N'Điều Hòa', N'ac.png', 1)\r\n","INSERT [dbo].[Amenities] ([id], [name], [icon_url], [is_active]) VALUES (4, N'Bồn Tắm Sứ', N'bathtub.png', 1)\r\n","SET IDENTITY_INSERT [dbo].[Amenities] OFF\r\n","GO\r\n"],"metadata":{"urn":"Server[@Name='Hoaideeptry']/Database[@Name='HotelManagementDB']/Table[@Name='Amenities' and @Schema='dbo']","object_type":"Table"}},{"cell_type":"markdown","source":["# [dbo].[Booking_Details]"],"metadata":{"urn":"Server[@Name='Hoaideeptry']/Database[@Name='HotelManagementDB']/Table[@Name='Booking_Details' and @Schema='dbo']","object_type":"Table"}},{"outputs":[],"execution_count":0,"cell_type":"code","source":["SET IDENTITY_INSERT [dbo].[Booking_Details] ON \r\n","INSERT [dbo].[Booking_Details] ([id], [booking_id], [room_id], [room_type_id], [check_in_date], [check_out_date], [price_per_night]) VALUES (1, 1, 2, 1, CAST(N'2026-04-06T00:00:00.000' AS DateTime), CAST(N'2026-04-08T00:00:00.000' AS DateTime), CAST(500000.00 AS Decimal(18, 2)))\r\n","INSERT [dbo].[Booking_Details] ([id], [booking_id], [room_id], [room_type_id], [check_in_date], [check_out_date], [price_per_night]) VALUES (2, 2, 6, 5, CAST(N'2026-04-06T00:00:00.000' AS DateTime), CAST(N'2026-04-08T00:00:00.000' AS DateTime), CAST(2000000.00 AS Decimal(18, 2)))\r\n","INSERT [dbo].[Booking_Details] ([id], [booking_id], [room_id], [room_type_id], [check_in_date], [check_out_date], [price_per_night]) VALUES (3, 3, 7, 5, CAST(N'2026-04-06T00:00:00.000' AS DateTime), CAST(N'2026-04-07T00:00:00.000' AS DateTime), CAST(2000000.00 AS Decimal(18, 2)))\r\n","INSERT [dbo].[Booking_Details] ([id], [booking_id], [room_id], [room_type_id], [check_in_date], [check_out_date], [price_per_night]) VALUES (4, 3, 8, 5, CAST(N'2026-04-06T00:00:00.000' AS DateTime), CAST(N'2026-04-07T00:00:00.000' AS DateTime), CAST(2000000.00 AS Decimal(18, 2)))\r\n","INSERT [dbo].[Booking_Details] ([id], [booking_id], [room_id], [room_type_id], [check_in_date], [check_out_date], [price_per_night]) VALUES (5, 4, 10, 6, CAST(N'2026-04-06T00:00:00.000' AS DateTime), CAST(N'2026-04-07T00:00:00.000' AS DateTime), CAST(5000000.00 AS Decimal(18, 2)))\r\n","INSERT [dbo].[Booking_Details] ([id], [booking_id], [room_id], [room_type_id], [check_in_date], [check_out_date], [price_per_night]) VALUES (6, 4, 11, 6, CAST(N'2026-04-06T00:00:00.000' AS DateTime), CAST(N'2026-04-07T00:00:00.000' AS DateTime), CAST(5000000.00 AS Decimal(18, 2)))\r\n","INSERT [dbo].[Booking_Details] ([id], [booking_id], [room_id], [room_type_id], [check_in_date], [check_out_date], [price_per_night]) VALUES (7, 5, 1, 1, CAST(N'2026-04-06T00:00:00.000' AS DateTime), CAST(N'2026-04-07T00:00:00.000' AS DateTime), CAST(500000.00 AS Decimal(18, 2)))\r\n","SET IDENTITY_INSERT [dbo].[Booking_Details] OFF\r\n","GO\r\n"],"metadata":{"urn":"Server[@Name='Hoaideeptry']/Database[@Name='HotelManagementDB']/Table[@Name='Booking_Details' and @Schema='dbo']","object_type":"Table"}},{"cell_type":"markdown","source":["# [dbo].[Bookings]"],"metadata":{"urn":"Server[@Name='Hoaideeptry']/Database[@Name='HotelManagementDB']/Table[@Name='Bookings' and @Schema='dbo']","object_type":"Table"}},{"outputs":[],"execution_count":0,"cell_type":"code","source":["SET IDENTITY_INSERT [dbo].[Bookings] ON \r\n","INSERT [dbo].[Bookings] ([id], [user_id], [guest_name], [guest_phone], [guest_email], [booking_code], [voucher_id], [status]) VALUES (1, NULL, N'Nguyễn Văn Hoài', N'0987654321', N'hoai@hotel.com', N'BK20260406171748', NULL, N'Completed')\r\n","INSERT [dbo].[Bookings] ([id], [user_id], [guest_name], [guest_phone], [guest_email], [booking_code], [voucher_id], [status]) VALUES (2, NULL, N'Nguyễn Văn Hoài', N'0987654321', N'hoai@hotel.com', N'BK20260406172025', NULL, N'Completed')\r\n","INSERT [dbo].[Bookings] ([id], [user_id], [guest_name], [guest_phone], [guest_email], [booking_code], [voucher_id], [status]) VALUES (3, NULL, N'Nguyễn Văn Hoài', N'0987654321', N'hoai@hotel.com', N'BK20260406192452', NULL, N'Completed')\r\n","INSERT [dbo].[Bookings] ([id], [user_id], [guest_name], [guest_phone], [guest_email], [booking_code], [voucher_id], [status]) VALUES (4, NULL, N'Nguyễn Văn Hoài', N'0987654321', N'hoai@hotel.com', N'BK20260406194851', NULL, N'Completed')\r\n","INSERT [dbo].[Bookings] ([id], [user_id], [guest_name], [guest_phone], [guest_email], [booking_code], [voucher_id], [status]) VALUES (5, NULL, N'Khách Hàng A', N'0987654321', N'guestA@gmail.com', N'BK20260406201401', NULL, N'Completed')\r\n","SET IDENTITY_INSERT [dbo].[Bookings] OFF\r\n","GO\r\n"],"metadata":{"urn":"Server[@Name='Hoaideeptry']/Database[@Name='HotelManagementDB']/Table[@Name='Bookings' and @Schema='dbo']","object_type":"Table"}},{"cell_type":"markdown","source":["# [dbo].[Equipments]"],"metadata":{"urn":"Server[@Name='Hoaideeptry']/Database[@Name='HotelManagementDB']/Table[@Name='Equipments' and @Schema='dbo']","object_type":"Table"}},{"outputs":[],"execution_count":0,"cell_type":"code","source":["SET IDENTITY_INSERT [dbo].[Equipments] ON \r\n","INSERT [dbo].[Equipments] ([Id], [ItemCode], [Name], [Category], [Unit], [TotalQuantity], [InUseQuantity], [DamagedQuantity], [LiquidatedQuantity], [BasePrice], [DefaultPriceIfLost], [Supplier], [IsActive], [CreatedAt], [UpdatedAt], [ImageUrl]) VALUES (1, N'TV-SS-43', N'Smart TV Samsung 43 inch', N'Điện tử', N'Cái', 1000, 54, 0, 0, CAST(7500000.00 AS Decimal(18, 2)), CAST(8000000.00 AS Decimal(18, 2)), NULL, 1, CAST(N'2026-04-06T04:30:01.973' AS DateTime), NULL, N'https://res.cloudinary.com/drqvarew0/image/upload/v1775457031/futjrhcpcctlznewce62.webp')\r\n","INSERT [dbo].[Equipments] ([Id], [ItemCode], [Name], [Category], [Unit], [TotalQuantity], [InUseQuantity], [DamagedQuantity], [LiquidatedQuantity], [BasePrice], [DefaultPriceIfLost], [Supplier], [IsActive], [CreatedAt], [UpdatedAt], [ImageUrl]) VALUES (2, N'AC-DK-9000', N'Điều hòa Daikin 9000 BTU', N'Điện tử', N'Cái', 1000, 77, 0, 0, CAST(8200000.00 AS Decimal(18, 2)), CAST(9000000.00 AS Decimal(18, 2)), NULL, 1, CAST(N'2026-04-06T04:30:01.973' AS DateTime), NULL, N'https://res.cloudinary.com/drqvarew0/image/upload/v1775457448/qt2deitoqicbrw1kplq3.webp')\r\n","INSERT [dbo].[Equipments] ([Id], [ItemCode], [Name], [Category], [Unit], [TotalQuantity], [InUseQuantity], [DamagedQuantity], [LiquidatedQuantity], [BasePrice], [DefaultPriceIfLost], [Supplier], [IsActive], [CreatedAt], [UpdatedAt], [ImageUrl]) VALUES (3, N'MB-AQ-50', N'Tủ lạnh Minibar Aqua 50L', N'Điện máy', N'Cái', 1000, 64, 0, 0, CAST(2500000.00 AS Decimal(18, 2)), CAST(3000000.00 AS Decimal(18, 2)), NULL, 1, CAST(N'2026-04-06T13:05:48.260' AS DateTime), CAST(N'2026-04-06T13:05:48.260' AS DateTime), N'https://res.cloudinary.com/drqvarew0/image/upload/v1775457364/m8jocqbqhw9o83c2horj.jpg')\r\n","INSERT [dbo].[Equipments] ([Id], [ItemCode], [Name], [Category], [Unit], [TotalQuantity], [InUseQuantity], [DamagedQuantity], [LiquidatedQuantity], [BasePrice], [DefaultPriceIfLost], [Supplier], [IsActive], [CreatedAt], [UpdatedAt], [ImageUrl]) VALUES (4, N'HD-PN-1000', N'Máy sấy tóc Panasonic', N'Điện máy', N'Cái', 1000, 67, 2, 0, CAST(450000.00 AS Decimal(18, 2)), CAST(600000.00 AS Decimal(18, 2)), NULL, 1, CAST(N'2026-04-06T13:05:48.260' AS DateTime), CAST(N'2026-04-06T13:05:48.260' AS DateTime), N'https://res.cloudinary.com/drqvarew0/image/upload/v1775457333/joz9tgqyakmwl0lvetpu.jpg')\r\n","INSERT [dbo].[Equipments] ([Id], [ItemCode], [Name], [Category], [Unit], [TotalQuantity], [InUseQuantity], [DamagedQuantity], [LiquidatedQuantity], [BasePrice], [DefaultPriceIfLost], [Supplier], [IsActive], [CreatedAt], [UpdatedAt], [ImageUrl]) VALUES (5, N'KL-SH-17', N'Ấm đun nước siêu tốc Sunhouse', N'Điện máy', N'Cái', 1000, 67, 1, 0, CAST(200000.00 AS Decimal(18, 2)), CAST(300000.00 AS Decimal(18, 2)), NULL, 1, CAST(N'2026-04-06T13:05:48.260' AS DateTime), CAST(N'2026-04-06T13:05:48.260' AS DateTime), N'https://res.cloudinary.com/drqvarew0/image/upload/v1775457319/ypobussf7saagzkyanek.jpg')\r\n","INSERT [dbo].[Equipments] ([Id], [ItemCode], [Name], [Category], [Unit], [TotalQuantity], [InUseQuantity], [DamagedQuantity], [LiquidatedQuantity], [BasePrice], [DefaultPriceIfLost], [Supplier], [IsActive], [CreatedAt], [UpdatedAt], [ImageUrl]) VALUES (6, N'BD-KG-20', N'Giường King Size 2m x 2m2', N'Nội thất', N'Chiếc', 1000, 29, 0, 0, CAST(8000000.00 AS Decimal(18, 2)), CAST(10000000.00 AS Decimal(18, 2)), NULL, 1, CAST(N'2026-04-06T13:05:48.260' AS DateTime), CAST(N'2026-04-06T13:05:48.260' AS DateTime), N'https://res.cloudinary.com/drqvarew0/image/upload/v1775457307/gvdpofneos7knlrqve9m.jpg')\r\n","INSERT [dbo].[Equipments] ([Id], [ItemCode], [Name], [Category], [Unit], [TotalQuantity], [InUseQuantity], [DamagedQuantity], [LiquidatedQuantity], [BasePrice], [DefaultPriceIfLost], [Supplier], [IsActive], [CreatedAt], [UpdatedAt], [ImageUrl]) VALUES (7, N'BD-SG-12', N'Giường Single 1m2 x 2m', N'Nội thất', N'Chiếc', 1000, 45, 0, 0, CAST(4000000.00 AS Decimal(18, 2)), CAST(5000000.00 AS Decimal(18, 2)), NULL, 1, CAST(N'2026-04-06T13:05:48.260' AS DateTime), CAST(N'2026-04-06T13:05:48.260' AS DateTime), N'https://res.cloudinary.com/drqvarew0/image/upload/v1775457294/ac8xufajbb1rujzdrit3.jpg')\r\n","INSERT [dbo].[Equipments] ([Id], [ItemCode], [Name], [Category], [Unit], [TotalQuantity], [InUseQuantity], [DamagedQuantity], [LiquidatedQuantity], [BasePrice], [DefaultPriceIfLost], [Supplier], [IsActive], [CreatedAt], [UpdatedAt], [ImageUrl]) VALUES (8, N'TW-BT-140', N'Khăn tắm cotton 70x140cm', N'Đồ vải', N'Chiếc', 2000, 131, 5, 0, CAST(80000.00 AS Decimal(18, 2)), CAST(150000.00 AS Decimal(18, 2)), NULL, 1, CAST(N'2026-04-06T13:05:48.260' AS DateTime), CAST(N'2026-04-06T13:05:48.260' AS DateTime), N'https://res.cloudinary.com/drqvarew0/image/upload/v1775457257/lqoy8at6vobfvv51mngr.jpg')\r\n","INSERT [dbo].[Equipments] ([Id], [ItemCode], [Name], [Category], [Unit], [TotalQuantity], [InUseQuantity], [DamagedQuantity], [LiquidatedQuantity], [BasePrice], [DefaultPriceIfLost], [Supplier], [IsActive], [CreatedAt], [UpdatedAt], [ImageUrl]) VALUES (9, N'TW-FC-30', N'Khăn mặt cotton 30x30cm', N'Đồ vải', N'Chiếc', 2000, 131, 10, 0, CAST(30000.00 AS Decimal(18, 2)), CAST(50000.00 AS Decimal(18, 2)), NULL, 1, CAST(N'2026-04-06T13:05:48.260' AS DateTime), CAST(N'2026-04-06T13:05:48.260' AS DateTime), N'https://res.cloudinary.com/drqvarew0/image/upload/v1775456906/yonauscedgmkdyjxpmun.jpg')\r\n","INSERT [dbo].[Equipments] ([Id], [ItemCode], [Name], [Category], [Unit], [TotalQuantity], [InUseQuantity], [DamagedQuantity], [LiquidatedQuantity], [BasePrice], [DefaultPriceIfLost], [Supplier], [IsActive], [CreatedAt], [UpdatedAt], [ImageUrl]) VALUES (10, N'MT-FT-01', N'Thảm chùi chân', N'Đồ vải', N'Chiếc', 1000, 77, 2, 0, CAST(50000.00 AS Decimal(18, 2)), CAST(100000.00 AS Decimal(18, 2)), NULL, 1, CAST(N'2026-04-06T13:05:48.260' AS DateTime), CAST(N'2026-04-06T13:05:48.260' AS DateTime), N'https://res.cloudinary.com/drqvarew0/image/upload/v1775456790/sc9irpee2ohrhcz3bt0a.jpg')\r\n","INSERT [dbo].[Equipments] ([Id], [ItemCode], [Name], [Category], [Unit], [TotalQuantity], [InUseQuantity], [DamagedQuantity], [LiquidatedQuantity], [BasePrice], [DefaultPriceIfLost], [Supplier], [IsActive], [CreatedAt], [UpdatedAt], [ImageUrl]) VALUES (11, N'BL-DC-01', N'Chăn lông vũ', N'Đồ vải', N'Chiếc', 1000, 77, 0, 0, CAST(1200000.00 AS Decimal(18, 2)), CAST(2000000.00 AS Decimal(18, 2)), NULL, 1, CAST(N'2026-04-06T13:05:48.260' AS DateTime), CAST(N'2026-04-06T13:05:48.260' AS DateTime), N'https://res.cloudinary.com/drqvarew0/image/upload/v1775456768/mxrrnuesfzscmhux8br7.jpg')\r\n","INSERT [dbo].[Equipments] ([Id], [ItemCode], [Name], [Category], [Unit], [TotalQuantity], [InUseQuantity], [DamagedQuantity], [LiquidatedQuantity], [BasePrice], [DefaultPriceIfLost], [Supplier], [IsActive], [CreatedAt], [UpdatedAt], [ImageUrl]) VALUES (12, N'PL-CT-01', N'Gối tựa lưng / Gối ngủ', N'Đồ vải', N'Chiếc', 1000, 129, 2, 0, CAST(200000.00 AS Decimal(18, 2)), CAST(350000.00 AS Decimal(18, 2)), NULL, 1, CAST(N'2026-04-06T13:05:48.260' AS DateTime), CAST(N'2026-04-06T13:05:48.260' AS DateTime), N'https://res.cloudinary.com/drqvarew0/image/upload/v1775456752/tndsi7wv0y2hkuyc6eao.jpg')\r\n","INSERT [dbo].[Equipments] ([Id], [ItemCode], [Name], [Category], [Unit], [TotalQuantity], [InUseQuantity], [DamagedQuantity], [LiquidatedQuantity], [BasePrice], [DefaultPriceIfLost], [Supplier], [IsActive], [CreatedAt], [UpdatedAt], [ImageUrl]) VALUES (13, N'DR-LV-500', N'Nước suối Lavie 500ml', N'Minibar', N'Chai', 1000, 159, 0, 0, CAST(5000.00 AS Decimal(18, 2)), CAST(15000.00 AS Decimal(18, 2)), NULL, 1, CAST(N'2026-04-06T13:05:48.260' AS DateTime), CAST(N'2026-04-06T13:05:48.260' AS DateTime), N'https://res.cloudinary.com/drqvarew0/image/upload/v1775456741/ggyblk1soeo2ji8xwdju.png')\r\n","INSERT [dbo].[Equipments] ([Id], [ItemCode], [Name], [Category], [Unit], [TotalQuantity], [InUseQuantity], [DamagedQuantity], [LiquidatedQuantity], [BasePrice], [DefaultPriceIfLost], [Supplier], [IsActive], [CreatedAt], [UpdatedAt], [ImageUrl]) VALUES (14, N'DR-CC-320', N'Nước ngọt Coca Cola 320ml', N'Minibar', N'Lon', 1000, 109, 0, 0, CAST(10000.00 AS Decimal(18, 2)), CAST(20000.00 AS Decimal(18, 2)), NULL, 1, CAST(N'2026-04-06T13:05:48.260' AS DateTime), CAST(N'2026-04-06T13:05:48.260' AS DateTime), N'https://res.cloudinary.com/drqvarew0/image/upload/v1775456690/aob9clygxn5ffeelqk69.jpg')\r\n","INSERT [dbo].[Equipments] ([Id], [ItemCode], [Name], [Category], [Unit], [TotalQuantity], [InUseQuantity], [DamagedQuantity], [LiquidatedQuantity], [BasePrice], [DefaultPriceIfLost], [Supplier], [IsActive], [CreatedAt], [UpdatedAt], [ImageUrl]) VALUES (15, N'DR-HB-330', N'Bia Heineken 330ml', N'Minibar', N'Lon', 1000, 113, 0, 0, CAST(18000.00 AS Decimal(18, 2)), CAST(30000.00 AS Decimal(18, 2)), NULL, 1, CAST(N'2026-04-06T13:05:48.260' AS DateTime), CAST(N'2026-04-06T13:05:48.260' AS DateTime), N'https://res.cloudinary.com/drqvarew0/image/upload/v1775456676/mfvjdvzuj7v1ejangzed.jpg')\r\n","INSERT [dbo].[Equipments] ([Id], [ItemCode], [Name], [Category], [Unit], [TotalQuantity], [InUseQuantity], [DamagedQuantity], [LiquidatedQuantity], [BasePrice], [DefaultPriceIfLost], [Supplier], [IsActive], [CreatedAt], [UpdatedAt], [ImageUrl]) VALUES (16, N'SN-OM-01', N'Mì ly Omachi', N'Minibar', N'Ly', 1000, 79, 0, 0, CAST(15000.00 AS Decimal(18, 2)), CAST(25000.00 AS Decimal(18, 2)), NULL, 1, CAST(N'2026-04-06T13:05:48.260' AS DateTime), CAST(N'2026-04-06T13:05:48.260' AS DateTime), N'https://res.cloudinary.com/drqvarew0/image/upload/v1775456662/arzowjeyedsd3yc1f2uu.jpg')\r\n","INSERT [dbo].[Equipments] ([Id], [ItemCode], [Name], [Category], [Unit], [TotalQuantity], [InUseQuantity], [DamagedQuantity], [LiquidatedQuantity], [BasePrice], [DefaultPriceIfLost], [Supplier], [IsActive], [CreatedAt], [UpdatedAt], [ImageUrl]) VALUES (17, N'SN-OR-01', N'Bánh Oreo 133g', N'Minibar', N'Hộp', 1000, 79, 0, 0, CAST(20000.00 AS Decimal(18, 2)), CAST(35000.00 AS Decimal(18, 2)), NULL, 1, CAST(N'2026-04-06T13:05:48.260' AS DateTime), CAST(N'2026-04-06T13:05:48.260' AS DateTime), N'https://res.cloudinary.com/drqvarew0/image/upload/v1775456651/pkqyl2xb18usf3rjntnp.jpg')\r\n","INSERT [dbo].[Equipments] ([Id], [ItemCode], [Name], [Category], [Unit], [TotalQuantity], [InUseQuantity], [DamagedQuantity], [LiquidatedQuantity], [BasePrice], [DefaultPriceIfLost], [Supplier], [IsActive], [CreatedAt], [UpdatedAt], [ImageUrl]) VALUES (18, N'AM-SH-01', N'Dầu gội & Sữa tắm khách sạn', N'Tiêu hao', N'Tuýp', 1000, 233, 0, 0, CAST(3000.00 AS Decimal(18, 2)), CAST(0.00 AS Decimal(18, 2)), NULL, 1, CAST(N'2026-04-06T13:05:48.260' AS DateTime), CAST(N'2026-04-06T13:05:48.260' AS DateTime), N'https://res.cloudinary.com/drqvarew0/image/upload/v1775456635/x6it11mgxzrzalogowj7.webp')\r\n","INSERT [dbo].[Equipments] ([Id], [ItemCode], [Name], [Category], [Unit], [TotalQuantity], [InUseQuantity], [DamagedQuantity], [LiquidatedQuantity], [BasePrice], [DefaultPriceIfLost], [Supplier], [IsActive], [CreatedAt], [UpdatedAt], [ImageUrl]) VALUES (19, N'AM-TB-01', N'Bàn chải & Kem đánh răng', N'Tiêu hao', N'Bộ', 2000, 233, 0, 0, CAST(2000.00 AS Decimal(18, 2)), CAST(0.00 AS Decimal(18, 2)), NULL, 1, CAST(N'2026-04-06T13:05:48.260' AS DateTime), CAST(N'2026-04-06T13:05:48.260' AS DateTime), N'https://res.cloudinary.com/drqvarew0/image/upload/v1775456554/ynx6lcukrblsvmcgrbjc.webp')\r\n","INSERT [dbo].[Equipments] ([Id], [ItemCode], [Name], [Category], [Unit], [TotalQuantity], [InUseQuantity], [DamagedQuantity], [LiquidatedQuantity], [BasePrice], [DefaultPriceIfLost], [Supplier], [IsActive], [CreatedAt], [UpdatedAt], [ImageUrl]) VALUES (20, N'FP-WC-01', N'Đĩa trái cây chào mừng (Welcome Fruit)', N'Dịch vụ', N'Đĩa', 1000, 14, 0, 0, CAST(50000.00 AS Decimal(18, 2)), CAST(150000.00 AS Decimal(18, 2)), NULL, 1, CAST(N'2026-04-06T13:31:59.377' AS DateTime), CAST(N'2026-04-06T13:31:59.377' AS DateTime), N'https://res.cloudinary.com/drqvarew0/image/upload/v1775457229/ivpb7ztyysi3y2xs8jyp.webp')\r\n","INSERT [dbo].[Equipments] ([Id], [ItemCode], [Name], [Category], [Unit], [TotalQuantity], [InUseQuantity], [DamagedQuantity], [LiquidatedQuantity], [BasePrice], [DefaultPriceIfLost], [Supplier], [IsActive], [CreatedAt], [UpdatedAt], [ImageUrl]) VALUES (21, N'SL-ID-01', N'Dép đi trong nhà (Loại dùng 1 lần)', N'Tiêu hao', N'Đôi', 2000, 159, 0, 0, CAST(10000.00 AS Decimal(18, 2)), CAST(30000.00 AS Decimal(18, 2)), NULL, 1, CAST(N'2026-04-06T13:31:59.377' AS DateTime), CAST(N'2026-04-06T13:31:59.377' AS DateTime), N'https://res.cloudinary.com/drqvarew0/image/upload/v1775457182/m4chl91lpsrkga0jcqdx.webp')\r\n","INSERT [dbo].[Equipments] ([Id], [ItemCode], [Name], [Category], [Unit], [TotalQuantity], [InUseQuantity], [DamagedQuantity], [LiquidatedQuantity], [BasePrice], [DefaultPriceIfLost], [Supplier], [IsActive], [CreatedAt], [UpdatedAt], [ImageUrl]) VALUES (22, N'TV-SS-55', N'Smart TV Samsung 55 inch (Hạng VIP)', N'Điện máy', N'Cái', 1000, 5, 0, 0, CAST(15000000.00 AS Decimal(18, 2)), CAST(20000000.00 AS Decimal(18, 2)), NULL, 1, CAST(N'2026-04-06T13:32:03.913' AS DateTime), CAST(N'2026-04-06T13:32:03.913' AS DateTime), N'https://res.cloudinary.com/drqvarew0/image/upload/v1775457150/ptb9pxhq8t14tgmx8jlw.jpg')\r\n","SET IDENTITY_INSERT [dbo].[Equipments] OFF\r\n","GO\r\n"],"metadata":{"urn":"Server[@Name='Hoaideeptry']/Database[@Name='HotelManagementDB']/Table[@Name='Equipments' and @Schema='dbo']","object_type":"Table"}},{"cell_type":"markdown","source":["# [dbo].[Memberships]"],"metadata":{"urn":"Server[@Name='Hoaideeptry']/Database[@Name='HotelManagementDB']/Table[@Name='Memberships' and @Schema='dbo']","object_type":"Table"}},{"outputs":[],"execution_count":0,"cell_type":"code","source":["SET IDENTITY_INSERT [dbo].[Memberships] ON \r\n","INSERT [dbo].[Memberships] ([id], [tier_name], [min_points], [discount_percent]) VALUES (1, N'Khách Mới', 0, CAST(0.00 AS Decimal(5, 2)))\r\n","INSERT [dbo].[Memberships] ([id], [tier_name], [min_points], [discount_percent]) VALUES (2, N'Đồng', 500, CAST(2.00 AS Decimal(5, 2)))\r\n","INSERT [dbo].[Memberships] ([id], [tier_name], [min_points], [discount_percent]) VALUES (3, N'Bạc', 1000, CAST(5.00 AS Decimal(5, 2)))\r\n","INSERT [dbo].[Memberships] ([id], [tier_name], [min_points], [discount_percent]) VALUES (4, N'Vàng', 3000, CAST(8.00 AS Decimal(5, 2)))\r\n","INSERT [dbo].[Memberships] ([id], [tier_name], [min_points], [discount_percent]) VALUES (5, N'Bạch Kim', 5000, CAST(10.00 AS Decimal(5, 2)))\r\n","SET IDENTITY_INSERT [dbo].[Memberships] OFF\r\n","GO\r\n"],"metadata":{"urn":"Server[@Name='Hoaideeptry']/Database[@Name='HotelManagementDB']/Table[@Name='Memberships' and @Schema='dbo']","object_type":"Table"}},{"cell_type":"markdown","source":["# [dbo].[Permissions]"],"metadata":{"urn":"Server[@Name='Hoaideeptry']/Database[@Name='HotelManagementDB']/Table[@Name='Permissions' and @Schema='dbo']","object_type":"Table"}},{"outputs":[],"execution_count":0,"cell_type":"code","source":["SET IDENTITY_INSERT [dbo].[Permissions] ON \r\n","INSERT [dbo].[Permissions] ([id], [name]) VALUES (1, N'VIEW_DASHBOARD')\r\n","INSERT [dbo].[Permissions] ([id], [name]) VALUES (2, N'MANAGE_USERS')\r\n","INSERT [dbo].[Permissions] ([id], [name]) VALUES (3, N'MANAGE_ROLES')\r\n","INSERT [dbo].[Permissions] ([id], [name]) VALUES (4, N'MANAGE_ROOMS')\r\n","INSERT [dbo].[Permissions] ([id], [name]) VALUES (5, N'MANAGE_BOOKINGS')\r\n","INSERT [dbo].[Permissions] ([id], [name]) VALUES (6, N'MANAGE_INVOICES')\r\n","INSERT [dbo].[Permissions] ([id], [name]) VALUES (7, N'MANAGE_SERVICES')\r\n","INSERT [dbo].[Permissions] ([id], [name]) VALUES (8, N'VIEW_REPORTS')\r\n","INSERT [dbo].[Permissions] ([id], [name]) VALUES (9, N'MANAGE_CONTENT')\r\n","INSERT [dbo].[Permissions] ([id], [name]) VALUES (10, N'MANAGE_INVENTORY')\r\n","INSERT [dbo].[Permissions] ([id], [name]) VALUES (11, N'VIEW_USERS')\r\n","INSERT [dbo].[Permissions] ([id], [name]) VALUES (12, N'VIEW_ROLES')\r\n","INSERT [dbo].[Permissions] ([id], [name]) VALUES (13, N'EDIT_ROLES')\r\n","INSERT [dbo].[Permissions] ([id], [name]) VALUES (14, N'CREATE_USERS')\r\n","SET IDENTITY_INSERT [dbo].[Permissions] OFF\r\n","GO\r\n"],"metadata":{"urn":"Server[@Name='Hoaideeptry']/Database[@Name='HotelManagementDB']/Table[@Name='Permissions' and @Schema='dbo']","object_type":"Table"}},{"cell_type":"markdown","source":["# [dbo].[Role_Permissions]"],"metadata":{"urn":"Server[@Name='Hoaideeptry']/Database[@Name='HotelManagementDB']/Table[@Name='Role_Permissions' and @Schema='dbo']","object_type":"Table"}},{"outputs":[],"execution_count":0,"cell_type":"code","source":["INSERT [dbo].[Role_Permissions] ([role_id], [permission_id]) VALUES (1, 1)\r\n","INSERT [dbo].[Role_Permissions] ([role_id], [permission_id]) VALUES (1, 2)\r\n","INSERT [dbo].[Role_Permissions] ([role_id], [permission_id]) VALUES (1, 3)\r\n","INSERT [dbo].[Role_Permissions] ([role_id], [permission_id]) VALUES (1, 4)\r\n","INSERT [dbo].[Role_Permissions] ([role_id], [permission_id]) VALUES (1, 5)\r\n","INSERT [dbo].[Role_Permissions] ([role_id], [permission_id]) VALUES (1, 6)\r\n","INSERT [dbo].[Role_Permissions] ([role_id], [permission_id]) VALUES (1, 7)\r\n","INSERT [dbo].[Role_Permissions] ([role_id], [permission_id]) VALUES (1, 8)\r\n","INSERT [dbo].[Role_Permissions] ([role_id], [permission_id]) VALUES (1, 9)\r\n","INSERT [dbo].[Role_Permissions] ([role_id], [permission_id]) VALUES (1, 10)\r\n","INSERT [dbo].[Role_Permissions] ([role_id], [permission_id]) VALUES (1, 11)\r\n","INSERT [dbo].[Role_Permissions] ([role_id], [permission_id]) VALUES (1, 12)\r\n","INSERT [dbo].[Role_Permissions] ([role_id], [permission_id]) VALUES (1, 13)\r\n","INSERT [dbo].[Role_Permissions] ([role_id], [permission_id]) VALUES (1, 14)\r\n","GO\r\n"],"metadata":{"urn":"Server[@Name='Hoaideeptry']/Database[@Name='HotelManagementDB']/Table[@Name='Role_Permissions' and @Schema='dbo']","object_type":"Table"}},{"cell_type":"markdown","source":["# [dbo].[Roles]"],"metadata":{"urn":"Server[@Name='Hoaideeptry']/Database[@Name='HotelManagementDB']/Table[@Name='Roles' and @Schema='dbo']","object_type":"Table"}},{"outputs":[],"execution_count":0,"cell_type":"code","source":["SET IDENTITY_INSERT [dbo].[Roles] ON \r\n","INSERT [dbo].[Roles] ([id], [name], [description]) VALUES (1, N'Admin', N'Quản trị viên')\r\n","INSERT [dbo].[Roles] ([id], [name], [description]) VALUES (2, N'Manager', N'Quản lý khách sạn')\r\n","INSERT [dbo].[Roles] ([id], [name], [description]) VALUES (3, N'Receptionist', N'Lễ tân')\r\n","INSERT [dbo].[Roles] ([id], [name], [description]) VALUES (4, N'Accountant', N'Kế toán')\r\n","INSERT [dbo].[Roles] ([id], [name], [description]) VALUES (5, N'Housekeeping', N'Buồng phòng')\r\n","INSERT [dbo].[Roles] ([id], [name], [description]) VALUES (6, N'Security', N'Bảo vệ')\r\n","INSERT [dbo].[Roles] ([id], [name], [description]) VALUES (7, N'Chef', N'Đầu bếp')\r\n","INSERT [dbo].[Roles] ([id], [name], [description]) VALUES (8, N'Waiter', N'Nhân viên phục vụ')\r\n","INSERT [dbo].[Roles] ([id], [name], [description]) VALUES (9, N'IT Support', N'Kỹ thuật viên')\r\n","INSERT [dbo].[Roles] ([id], [name], [description]) VALUES (10, N'Guest', N'Khách hàng')\r\n","SET IDENTITY_INSERT [dbo].[Roles] OFF\r\n","GO\r\n"],"metadata":{"urn":"Server[@Name='Hoaideeptry']/Database[@Name='HotelManagementDB']/Table[@Name='Roles' and @Schema='dbo']","object_type":"Table"}},{"cell_type":"markdown","source":["# [dbo].[Room_Inventory]"],"metadata":{"urn":"Server[@Name='Hoaideeptry']/Database[@Name='HotelManagementDB']/Table[@Name='Room_Inventory' and @Schema='dbo']","object_type":"Table"}},{"outputs":[],"execution_count":0,"cell_type":"code","source":["SET IDENTITY_INSERT [dbo].[Room_Inventory] ON \r\n","INSERT [dbo].[Room_Inventory] ([id], [room_id], [quantity], [price_if_lost], [note], [is_active], [item_type], [EquipmentId]) VALUES (1, 1, 1, CAST(8000000.00 AS Decimal(18, 2)), N'Đồng bộ tự động từ kho', 1, N'Asset', 1)\r\n","INSERT [dbo].[Room_Inventory] ([id], [room_id], [quantity], [price_if_lost], [note], [is_active], [item_type], [EquipmentId]) VALUES (2, 1, 1, CAST(9000000.00 AS Decimal(18, 2)), N'Đồng bộ tự động từ kho', 1, N'Asset', 2)\r\n","INSERT [dbo].[Room_Inventory] ([id], [room_id], [quantity], [price_if_lost], [note], [is_active], [item_type], [EquipmentId]) VALUES (3, 1, 1, CAST(3000000.00 AS Decimal(18, 2)), N'Đồng bộ tự động từ kho', 1, N'Asset', 3)\r\n","INSERT [dbo].[Room_Inventory] ([id], [room_id], [quantity], [price_if_lost], [note], [is_active], [item_type], [EquipmentId]) VALUES (4, 1, 1, CAST(600000.00 AS Decimal(18, 2)), N'Đồng bộ tự động từ kho', 1, N'Asset', 4)\r\n","INSERT [dbo].[Room_Inventory] ([id], [room_id], [quantity], [price_if_lost], [note], [is_active], [item_type], [EquipmentId]) VALUES (5, 1, 1, CAST(300000.00 AS Decimal(18, 2)), N'Đồng bộ tự động từ kho', 1, N'Asset', 5)\r\n","INSERT [dbo].[Room_Inventory] ([id], [room_id], [quantity], [price_if_lost], [note], [is_active], [item_type], [EquipmentId]) VALUES (7, 1, 1, CAST(5000000.00 AS Decimal(18, 2)), N'Đồng bộ tự động từ kho', 1, N'Asset', 7)\r\n","INSERT [dbo].[Room_Inventory] ([id], [room_id], [quantity], [price_if_lost], [note], [is_active], [item_type], [EquipmentId]) VALUES (8, 1, 2, CAST(150000.00 AS Decimal(18, 2)), N'Đồng bộ tự động từ kho', 1, N'Asset', 8)\r\n","INSERT [dbo].[Room_Inventory] ([id], [room_id], [quantity], [price_if_lost], [note], [is_active], [item_type], [EquipmentId]) VALUES (9, 1, 2, CAST(50000.00 AS Decimal(18, 2)), N'Đồng bộ tự động từ kho', 1, N'Asset', 9)\r\n","INSERT [dbo].[Room_Inventory] ([id], [room_id], [quantity], [price_if_lost], [note], [is_active], [item_type], [EquipmentId]) VALUES (10, 1, 2, CAST(100000.00 AS Decimal(18, 2)), N'Đồng bộ tự động từ kho', 1, N'Asset', 10)\r\n","INSERT [dbo].[Room_Inventory] ([id], [room_id], [quantity], [price_if_lost], [note], [is_active], [item_type], [EquipmentId]) VALUES (11, 1, 2, CAST(2000000.00 AS Decimal(18, 2)), N'Đồng bộ tự động từ kho', 1, N'Asset', 11)\r\n","INSERT [dbo].[Room_Inventory] ([id], [room_id], [quantity], [price_if_lost], [note], [is_active], [item_type], [EquipmentId]) VALUES (12, 1, 2, CAST(350000.00 AS Decimal(18, 2)), N'Đồng bộ tự động từ kho', 1, N'Asset', 12)\r\n","INSERT [dbo].[Room_Inventory] ([id], [room_id], [quantity], [price_if_lost], [note], [is_active], [item_type], [EquipmentId]) VALUES (13, 1, 4, CAST(15000.00 AS Decimal(18, 2)), N'Đồng bộ tự động từ kho', 1, N'Asset', 13)\r\n","INSERT [dbo].[Room_Inventory] ([id], [room_id], [quantity], [price_if_lost], [note], [is_active], [item_type], [EquipmentId]) VALUES (14, 1, 4, CAST(20000.00 AS Decimal(18, 2)), N'Đồng bộ tự động từ kho', 1, N'Asset', 14)\r\n","INSERT [dbo].[Room_Inventory] ([id], [room_id], [quantity], [price_if_lost], [note], [is_active], [item_type], [EquipmentId]) VALUES (15, 1, 4, CAST(30000.00 AS Decimal(18, 2)), N'Đồng bộ tự động từ kho', 1, N'Asset', 15)\r\n","INSERT [dbo].[Room_Inventory] ([id], [room_id], [quantity], [price_if_lost], [note], [is_active], [item_type], [EquipmentId]) VALUES (16, 1, 4, CAST(25000.00 AS Decimal(18, 2)), N'Đồng bộ tự động từ kho', 1, N'Asset', 16)\r\n","INSERT [dbo].[Room_Inventory] ([id], [room_id], [quantity], [price_if_lost], [note], [is_active], [item_type], [EquipmentId]) VALUES (17, 1, 4, CAST(35000.00 AS Decimal(18, 2)), N'Đồng bộ tự động từ kho', 1, N'Asset', 17)\r\n","INSERT [dbo].[Room_Inventory] ([id], [room_id], [quantity], [price_if_lost], [note], [is_active], [item_type], [EquipmentId]) VALUES (18, 1, 2, CAST(0.00 AS Decimal(18, 2)), N'Đồng bộ tự động từ kho', 1, N'Asset', 18)\r\n","INSERT [dbo].[Room_Inventory] ([id], [room_id], [quantity], [price_if_lost], [note], [is_active], [item_type], [EquipmentId]) VALUES (19, 1, 2, CAST(0.00 AS Decimal(18, 2)), N'Đồng bộ tự động từ kho', 1, N'Asset', 19)\r\n","INSERT [dbo].[Room_Inventory] ([id], [room_id], [quantity], [price_if_lost], [note], [is_active], [item_type], [EquipmentId]) VALUES (20, 1, 1, CAST(150000.00 AS Decimal(18, 2)), N'Đồng bộ tự động từ kho', 1, N'Asset', 20)\r\n","INSERT [dbo].[Room_Inventory] ([id], [room_id], [quantity], [price_if_lost], [note], [is_active], [item_type], [EquipmentId]) VALUES (21, 1, 4, CAST(30000.00 AS Decimal(18, 2)), N'Đồng bộ tự động từ kho', 1, N'Asset', 21)\r\n","INSERT [dbo].[Room_Inventory] ([id], [room_id], [quantity], [price_if_lost], [note], [is_active], [item_type], [EquipmentId]) VALUES (25, 2, 1, CAST(3000000.00 AS Decimal(18, 2)), N'Sao chép từ phòng 1', 1, N'Asset', 3)\r\n","INSERT [dbo].[Room_Inventory] ([id], [room_id], [quantity], [price_if_lost], [note], [is_active], [item_type], [EquipmentId]) VALUES (26, 2, 1, CAST(600000.00 AS Decimal(18, 2)), N'Sao chép từ phòng 1', 1, N'Asset', 4)\r\n","INSERT [dbo].[Room_Inventory] ([id], [room_id], [quantity], [price_if_lost], [note], [is_active], [item_type], [EquipmentId]) VALUES (27, 2, 1, CAST(300000.00 AS Decimal(18, 2)), N'Sao chép từ phòng 1', 1, N'Asset', 5)\r\n","INSERT [dbo].[Room_Inventory] ([id], [room_id], [quantity], [price_if_lost], [note], [is_active], [item_type], [EquipmentId]) VALUES (28, 2, 2, CAST(150000.00 AS Decimal(18, 2)), N'Sao chép từ phòng 1', 1, N'Asset', 8)\r\n","INSERT [dbo].[Room_Inventory] ([id], [room_id], [quantity], [price_if_lost], [note], [is_active], [item_type], [EquipmentId]) VALUES (29, 2, 2, CAST(50000.00 AS Decimal(18, 2)), N'Sao chép từ phòng 1', 1, N'Asset', 9)\r\n","INSERT [dbo].[Room_Inventory] ([id], [room_id], [quantity], [price_if_lost], [note], [is_active], [item_type], [EquipmentId]) VALUES (30, 2, 2, CAST(100000.00 AS Decimal(18, 2)), N'Sao chép từ phòng 1', 1, N'Asset', 10)\r\n","INSERT [dbo].[Room_Inventory] ([id], [room_id], [quantity], [price_if_lost], [note], [is_active], [item_type], [EquipmentId]) VALUES (31, 2, 2, CAST(2000000.00 AS Decimal(18, 2)), N'Sao chép từ phòng 1', 1, N'Asset', 11)\r\n","INSERT [dbo].[Room_Inventory] ([id], [room_id], [quantity], [price_if_lost], [note], [is_active], [item_type], [EquipmentId]) VALUES (32, 2, 2, CAST(350000.00 AS Decimal(18, 2)), N'Sao chép từ phòng 1', 1, N'Asset', 12)\r\n","INSERT [dbo].[Room_Inventory] ([id], [room_id], [quantity], [price_if_lost], [note], [is_active], [item_type], [EquipmentId]) VALUES (33, 2, 4, CAST(15000.00 AS Decimal(18, 2)), N'Sao chép từ phòng 1', 1, N'Asset', 13)\r\n","INSERT [dbo].[Room_Inventory] ([id], [room_id], [quantity], [price_if_lost], [note], [is_active], [item_type], [EquipmentId]) VALUES (34, 2, 4, CAST(20000.00 AS Decimal(18, 2)), N'Sao chép từ phòng 1', 1, N'Asset', 14)\r\n","INSERT [dbo].[Room_Inventory] ([id], [room_id], [quantity], [price_if_lost], [note], [is_active], [item_type], [EquipmentId]) VALUES (35, 2, 4, CAST(30000.00 AS Decimal(18, 2)), N'Sao chép từ phòng 1', 1, N'Asset', 15)\r\n","INSERT [dbo].[Room_Inventory] ([id], [room_id], [quantity], [price_if_lost], [note], [is_active], [item_type], [EquipmentId]) VALUES (36, 2, 4, CAST(25000.00 AS Decimal(18, 2)), N'Sao chép từ phòng 1', 1, N'Asset', 16)\r\n","INSERT [dbo].[Room_Inventory] ([id], [room_id], [quantity], [price_if_lost], [note], [is_active], [item_type], [EquipmentId]) VALUES (37, 2, 4, CAST(35000.00 AS Decimal(18, 2)), N'Sao chép từ phòng 1', 1, N'Asset', 17)\r\n","INSERT [dbo].[Room_Inventory] ([id], [room_id], [quantity], [price_if_lost], [note], [is_active], [item_type], [EquipmentId]) VALUES (38, 2, 2, CAST(0.00 AS Decimal(18, 2)), N'Sao chép từ phòng 1', 1, N'Asset', 18)\r\n","INSERT [dbo].[Room_Inventory] ([id], [room_id], [quantity], [price_if_lost], [note], [is_active], [item_type], [EquipmentId]) VALUES (39, 2, 2, CAST(0.00 AS Decimal(18, 2)), N'Sao chép từ phòng 1', 1, N'Asset', 19)\r\n","INSERT [dbo].[Room_Inventory] ([id], [room_id], [quantity], [price_if_lost], [note], [is_active], [item_type], [EquipmentId]) VALUES (40, 2, 1, CAST(150000.00 AS Decimal(18, 2)), N'Sao chép từ phòng 1', 1, N'Asset', 20)\r\n","INSERT [dbo].[Room_Inventory] ([id], [room_id], [quantity], [price_if_lost], [note], [is_active], [item_type], [EquipmentId]) VALUES (41, 2, 4, CAST(30000.00 AS Decimal(18, 2)), N'Sao chép từ phòng 1', 1, N'Asset', 21)\r\n","INSERT [dbo].[Room_Inventory] ([id], [room_id], [quantity], [price_if_lost], [note], [is_active], [item_type], [EquipmentId]) VALUES (132, 3, 1, CAST(8000000.00 AS Decimal(18, 2)), N'Sao chép từ phòng 1', 1, N'Asset', 1)\r\n","INSERT [dbo].[Room_Inventory] ([id], [room_id], [quantity], [price_if_lost], [note], [is_active], [item_type], [EquipmentId]) VALUES (133, 3, 1, CAST(9000000.00 AS Decimal(18, 2)), N'Sao chép từ phòng 1', 1, N'Asset', 2)\r\n","INSERT [dbo].[Room_Inventory] ([id], [room_id], [quantity], [price_if_lost], [note], [is_active], [item_type], [EquipmentId]) VALUES (134, 3, 1, CAST(3000000.00 AS Decimal(18, 2)), N'Sao chép từ phòng 1', 1, N'Asset', 3)\r\n","INSERT [dbo].[Room_Inventory] ([id], [room_id], [quantity], [price_if_lost], [note], [is_active], [item_type], [EquipmentId]) VALUES (135, 3, 1, CAST(600000.00 AS Decimal(18, 2)), N'Sao chép từ phòng 1', 1, N'Asset', 4)\r\n","INSERT [dbo].[Room_Inventory] ([id], [room_id], [quantity], [price_if_lost], [note], [is_active], [item_type], [EquipmentId]) VALUES (136, 3, 1, CAST(300000.00 AS Decimal(18, 2)), N'Sao chép từ phòng 1', 1, N'Asset', 5)\r\n","INSERT [dbo].[Room_Inventory] ([id], [room_id], [quantity], [price_if_lost], [note], [is_active], [item_type], [EquipmentId]) VALUES (137, 3, 1, CAST(5000000.00 AS Decimal(18, 2)), N'Sao chép từ phòng 1', 1, N'Asset', 7)\r\n","INSERT [dbo].[Room_Inventory] ([id], [room_id], [quantity], [price_if_lost], [note], [is_active], [item_type], [EquipmentId]) VALUES (138, 3, 2, CAST(150000.00 AS Decimal(18, 2)), N'Sao chép từ phòng 1', 1, N'Asset', 8)\r\n","INSERT [dbo].[Room_Inventory] ([id], [room_id], [quantity], [price_if_lost], [note], [is_active], [item_type], [EquipmentId]) VALUES (139, 3, 2, CAST(50000.00 AS Decimal(18, 2)), N'Sao chép từ phòng 1', 1, N'Asset', 9)\r\n","INSERT [dbo].[Room_Inventory] ([id], [room_id], [quantity], [price_if_lost], [note], [is_active], [item_type], [EquipmentId]) VALUES (140, 3, 2, CAST(100000.00 AS Decimal(18, 2)), N'Sao chép từ phòng 1', 1, N'Asset', 10)\r\n","INSERT [dbo].[Room_Inventory] ([id], [room_id], [quantity], [price_if_lost], [note], [is_active], [item_type], [EquipmentId]) VALUES (141, 3, 2, CAST(2000000.00 AS Decimal(18, 2)), N'Sao chép từ phòng 1', 1, N'Asset', 11)\r\n","INSERT [dbo].[Room_Inventory] ([id], [room_id], [quantity], [price_if_lost], [note], [is_active], [item_type], [EquipmentId]) VALUES (142, 3, 2, CAST(350000.00 AS Decimal(18, 2)), N'Sao chép từ phòng 1', 1, N'Asset', 12)\r\n","INSERT [dbo].[Room_Inventory] ([id], [room_id], [quantity], [price_if_lost], [note], [is_active], [item_type], [EquipmentId]) VALUES (143, 3, 4, CAST(15000.00 AS Decimal(18, 2)), N'Sao chép từ phòng 1', 1, N'Asset', 13)\r\n","INSERT [dbo].[Room_Inventory] ([id], [room_id], [quantity], [price_if_lost], [note], [is_active], [item_type], [EquipmentId]) VALUES (144, 3, 4, CAST(20000.00 AS Decimal(18, 2)), N'Sao chép từ phòng 1', 1, N'Asset', 14)\r\n","INSERT [dbo].[Room_Inventory] ([id], [room_id], [quantity], [price_if_lost], [note], [is_active], [item_type], [EquipmentId]) VALUES (145, 3, 4, CAST(30000.00 AS Decimal(18, 2)), N'Sao chép từ phòng 1', 1, N'Asset', 15)\r\n","INSERT [dbo].[Room_Inventory] ([id], [room_id], [quantity], [price_if_lost], [note], [is_active], [item_type], [EquipmentId]) VALUES (146, 3, 4, CAST(25000.00 AS Decimal(18, 2)), N'Sao chép từ phòng 1', 1, N'Asset', 16)\r\n","INSERT [dbo].[Room_Inventory] ([id], [room_id], [quantity], [price_if_lost], [note], [is_active], [item_type], [EquipmentId]) VALUES (147, 3, 4, CAST(35000.00 AS Decimal(18, 2)), N'Sao chép từ phòng 1', 1, N'Asset', 17)\r\n","INSERT [dbo].[Room_Inventory] ([id], [room_id], [quantity], [price_if_lost], [note], [is_active], [item_type], [EquipmentId]) VALUES (148, 3, 2, CAST(0.00 AS Decimal(18, 2)), N'Sao chép từ phòng 1', 1, N'Asset', 18)\r\n","INSERT [dbo].[Room_Inventory] ([id], [room_id], [quantity], [price_if_lost], [note], [is_active], [item_type], [EquipmentId]) VALUES (149, 3, 2, CAST(0.00 AS Decimal(18, 2)), N'Sao chép từ phòng 1', 1, N'Asset', 19)\r\n","INSERT [dbo].[Room_Inventory] ([id], [room_id], [quantity], [price_if_lost], [note], [is_active], [item_type], [EquipmentId]) VALUES (150, 3, 1, CAST(150000.00 AS Decimal(18, 2)), N'Sao chép từ phòng 1', 1, N'Asset', 20)\r\n","INSERT [dbo].[Room_Inventory] ([id], [room_id], [quantity], [price_if_lost], [note], [is_active], [item_type], [EquipmentId]) VALUES (151, 3, 4, CAST(30000.00 AS Decimal(18, 2)), N'Sao chép từ phòng 1', 1, N'Asset', 21)\r\n","INSERT [dbo].[Room_Inventory] ([id], [room_id], [quantity], [price_if_lost], [note], [is_active], [item_type], [EquipmentId]) VALUES (152, 6, 1, CAST(8000000.00 AS Decimal(18, 2)), N'Sao chép từ phòng 1', 1, N'Asset', 1)\r\n","INSERT [dbo].[Room_Inventory] ([id], [room_id], [quantity], [price_if_lost], [note], [is_active], [item_type], [EquipmentId]) VALUES (153, 6, 1, CAST(9000000.00 AS Decimal(18, 2)), N'Sao chép từ phòng 1', 1, N'Asset', 2)\r\n","INSERT [dbo].[Room_Inventory] ([id], [room_id], [quantity], [price_if_lost], [note], [is_active], [item_type], [EquipmentId]) VALUES (154, 6, 1, CAST(3000000.00 AS Decimal(18, 2)), N'Sao chép từ phòng 1', 1, N'Asset', 3)\r\n","INSERT [dbo].[Room_Inventory] ([id], [room_id], [quantity], [price_if_lost], [note], [is_active], [item_type], [EquipmentId]) VALUES (155, 6, 1, CAST(600000.00 AS Decimal(18, 2)), N'Sao chép từ phòng 1', 1, N'Asset', 4)\r\n","INSERT [dbo].[Room_Inventory] ([id], [room_id], [quantity], [price_if_lost], [note], [is_active], [item_type], [EquipmentId]) VALUES (156, 6, 1, CAST(300000.00 AS Decimal(18, 2)), N'Sao chép từ phòng 1', 1, N'Asset', 5)\r\n","INSERT [dbo].[Room_Inventory] ([id], [room_id], [quantity], [price_if_lost], [note], [is_active], [item_type], [EquipmentId]) VALUES (157, 6, 1, CAST(5000000.00 AS Decimal(18, 2)), N'Sao chép từ phòng 1', 1, N'Asset', 7)\r\n","INSERT [dbo].[Room_Inventory] ([id], [room_id], [quantity], [price_if_lost], [note], [is_active], [item_type], [EquipmentId]) VALUES (158, 6, 2, CAST(150000.00 AS Decimal(18, 2)), N'Sao chép từ phòng 1', 1, N'Asset', 8)\r\n","INSERT [dbo].[Room_Inventory] ([id], [room_id], [quantity], [price_if_lost], [note], [is_active], [item_type], [EquipmentId]) VALUES (159, 6, 2, CAST(50000.00 AS Decimal(18, 2)), N'Sao chép từ phòng 1', 1, N'Asset', 9)\r\n","INSERT [dbo].[Room_Inventory] ([id], [room_id], [quantity], [price_if_lost], [note], [is_active], [item_type], [EquipmentId]) VALUES (160, 6, 2, CAST(100000.00 AS Decimal(18, 2)), N'Sao chép từ phòng 1', 1, N'Asset', 10)\r\n","INSERT [dbo].[Room_Inventory] ([id], [room_id], [quantity], [price_if_lost], [note], [is_active], [item_type], [EquipmentId]) VALUES (161, 6, 2, CAST(2000000.00 AS Decimal(18, 2)), N'Sao chép từ phòng 1', 1, N'Asset', 11)\r\n","INSERT [dbo].[Room_Inventory] ([id], [room_id], [quantity], [price_if_lost], [note], [is_active], [item_type], [EquipmentId]) VALUES (162, 6, 2, CAST(350000.00 AS Decimal(18, 2)), N'Sao chép từ phòng 1', 1, N'Asset', 12)\r\n","INSERT [dbo].[Room_Inventory] ([id], [room_id], [quantity], [price_if_lost], [note], [is_active], [item_type], [EquipmentId]) VALUES (163, 6, 4, CAST(15000.00 AS Decimal(18, 2)), N'Sao chép từ phòng 1', 1, N'Asset', 13)\r\n","INSERT [dbo].[Room_Inventory] ([id], [room_id], [quantity], [price_if_lost], [note], [is_active], [item_type], [EquipmentId]) VALUES (164, 6, 4, CAST(20000.00 AS Decimal(18, 2)), N'Sao chép từ phòng 1', 1, N'Asset', 14)\r\n","INSERT [dbo].[Room_Inventory] ([id], [room_id], [quantity], [price_if_lost], [note], [is_active], [item_type], [EquipmentId]) VALUES (165, 6, 4, CAST(30000.00 AS Decimal(18, 2)), N'Sao chép từ phòng 1', 1, N'Asset', 15)\r\n","INSERT [dbo].[Room_Inventory] ([id], [room_id], [quantity], [price_if_lost], [note], [is_active], [item_type], [EquipmentId]) VALUES (166, 6, 4, CAST(25000.00 AS Decimal(18, 2)), N'Sao chép từ phòng 1', 1, N'Asset', 16)\r\n","INSERT [dbo].[Room_Inventory] ([id], [room_id], [quantity], [price_if_lost], [note], [is_active], [item_type], [EquipmentId]) VALUES (167, 6, 4, CAST(35000.00 AS Decimal(18, 2)), N'Sao chép từ phòng 1', 1, N'Asset', 17)\r\n","INSERT [dbo].[Room_Inventory] ([id], [room_id], [quantity], [price_if_lost], [note], [is_active], [item_type], [EquipmentId]) VALUES (168, 6, 2, CAST(0.00 AS Decimal(18, 2)), N'Sao chép từ phòng 1', 1, N'Asset', 18)\r\n","INSERT [dbo].[Room_Inventory] ([id], [room_id], [quantity], [price_if_lost], [note], [is_active], [item_type], [EquipmentId]) VALUES (169, 6, 2, CAST(0.00 AS Decimal(18, 2)), N'Sao chép từ phòng 1', 1, N'Asset', 19)\r\n","INSERT [dbo].[Room_Inventory] ([id], [room_id], [quantity], [price_if_lost], [note], [is_active], [item_type], [EquipmentId]) VALUES (170, 6, 1, CAST(150000.00 AS Decimal(18, 2)), N'Sao chép từ phòng 1', 1, N'Asset', 20)\r\n","INSERT [dbo].[Room_Inventory] ([id], [room_id], [quantity], [price_if_lost], [note], [is_active], [item_type], [EquipmentId]) VALUES (171, 6, 4, CAST(30000.00 AS Decimal(18, 2)), N'Sao chép từ phòng 1', 1, N'Asset', 21)\r\n","INSERT [dbo].[Room_Inventory] ([id], [room_id], [quantity], [price_if_lost], [note], [is_active], [item_type], [EquipmentId]) VALUES (173, 10, 2, CAST(9000000.00 AS Decimal(18, 2)), N'Sao chép từ phòng 1', 1, N'Asset', 2)\r\n","INSERT [dbo].[Room_Inventory] ([id], [room_id], [quantity], [price_if_lost], [note], [is_active], [item_type], [EquipmentId]) VALUES (174, 10, 1, CAST(3000000.00 AS Decimal(18, 2)), N'Sao chép từ phòng 1', 1, N'Asset', 3)\r\n","INSERT [dbo].[Room_Inventory] ([id], [room_id], [quantity], [price_if_lost], [note], [is_active], [item_type], [EquipmentId]) VALUES (175, 10, 2, CAST(600000.00 AS Decimal(18, 2)), N'Sao chép từ phòng 1', 1, N'Asset', 4)\r\n","INSERT [dbo].[Room_Inventory] ([id], [room_id], [quantity], [price_if_lost], [note], [is_active], [item_type], [EquipmentId]) VALUES (176, 10, 2, CAST(300000.00 AS Decimal(18, 2)), N'Sao chép từ phòng 1', 1, N'Asset', 5)\r\n","INSERT [dbo].[Room_Inventory] ([id], [room_id], [quantity], [price_if_lost], [note], [is_active], [item_type], [EquipmentId]) VALUES (178, 10, 2, CAST(150000.00 AS Decimal(18, 2)), N'Sao chép từ phòng 1', 1, N'Asset', 8)\r\n","INSERT [dbo].[Room_Inventory] ([id], [room_id], [quantity], [price_if_lost], [note], [is_active], [item_type], [EquipmentId]) VALUES (179, 10, 2, CAST(50000.00 AS Decimal(18, 2)), N'Sao chép từ phòng 1', 1, N'Asset', 9)\r\n","INSERT [dbo].[Room_Inventory] ([id], [room_id], [quantity], [price_if_lost], [note], [is_active], [item_type], [EquipmentId]) VALUES (180, 10, 2, CAST(100000.00 AS Decimal(18, 2)), N'Sao chép từ phòng 1', 1, N'Asset', 10)\r\n","INSERT [dbo].[Room_Inventory] ([id], [room_id], [quantity], [price_if_lost], [note], [is_active], [item_type], [EquipmentId]) VALUES (181, 10, 2, CAST(2000000.00 AS Decimal(18, 2)), N'Sao chép từ phòng 1', 1, N'Asset', 11)\r\n","INSERT [dbo].[Room_Inventory] ([id], [room_id], [quantity], [price_if_lost], [note], [is_active], [item_type], [EquipmentId]) VALUES (182, 10, 2, CAST(350000.00 AS Decimal(18, 2)), N'Sao chép từ phòng 1', 1, N'Asset', 12)\r\n","INSERT [dbo].[Room_Inventory] ([id], [room_id], [quantity], [price_if_lost], [note], [is_active], [item_type], [EquipmentId]) VALUES (183, 10, 4, CAST(15000.00 AS Decimal(18, 2)), N'Sao chép từ phòng 1', 1, N'Asset', 13)\r\n","INSERT [dbo].[Room_Inventory] ([id], [room_id], [quantity], [price_if_lost], [note], [is_active], [item_type], [EquipmentId]) VALUES (184, 10, 4, CAST(20000.00 AS Decimal(18, 2)), N'Sao chép từ phòng 1', 1, N'Asset', 14)\r\n","INSERT [dbo].[Room_Inventory] ([id], [room_id], [quantity], [price_if_lost], [note], [is_active], [item_type], [EquipmentId]) VALUES (185, 10, 4, CAST(30000.00 AS Decimal(18, 2)), N'Sao chép từ phòng 1', 1, N'Asset', 15)\r\n","INSERT [dbo].[Room_Inventory] ([id], [room_id], [quantity], [price_if_lost], [note], [is_active], [item_type], [EquipmentId]) VALUES (186, 10, 4, CAST(25000.00 AS Decimal(18, 2)), N'Sao chép từ phòng 1', 1, N'Asset', 16)\r\n","INSERT [dbo].[Room_Inventory] ([id], [room_id], [quantity], [price_if_lost], [note], [is_active], [item_type], [EquipmentId]) VALUES (187, 10, 4, CAST(35000.00 AS Decimal(18, 2)), N'Sao chép từ phòng 1', 1, N'Asset', 17)\r\n","INSERT [dbo].[Room_Inventory] ([id], [room_id], [quantity], [price_if_lost], [note], [is_active], [item_type], [EquipmentId]) VALUES (188, 10, 2, CAST(0.00 AS Decimal(18, 2)), N'Sao chép từ phòng 1', 1, N'Asset', 18)\r\n","INSERT [dbo].[Room_Inventory] ([id], [room_id], [quantity], [price_if_lost], [note], [is_active], [item_type], [EquipmentId]) VALUES (189, 10, 2, CAST(0.00 AS Decimal(18, 2)), N'Sao chép từ phòng 1', 1, N'Asset', 19)\r\n","INSERT [dbo].[Room_Inventory] ([id], [room_id], [quantity], [price_if_lost], [note], [is_active], [item_type], [EquipmentId]) VALUES (190, 10, 1, CAST(150000.00 AS Decimal(18, 2)), N'Sao chép từ phòng 1', 1, N'Asset', 20)\r\n","INSERT [dbo].[Room_Inventory] ([id], [room_id], [quantity], [price_if_lost], [note], [is_active], [item_type], [EquipmentId]) VALUES (191, 10, 4, CAST(30000.00 AS Decimal(18, 2)), N'Sao chép từ phòng 1', 1, N'Asset', 21)\r\n","INSERT [dbo].[Room_Inventory] ([id], [room_id], [quantity], [price_if_lost], [note], [is_active], [item_type], [EquipmentId]) VALUES (192, 10, 1, CAST(20000000.00 AS Decimal(18, 2)), N'Cấp phát từ kho', 1, N'Asset', 22)\r\n","INSERT [dbo].[Room_Inventory] ([id], [room_id], [quantity], [price_if_lost], [note], [is_active], [item_type], [EquipmentId]) VALUES (193, 10, 1, CAST(10000000.00 AS Decimal(18, 2)), N'Cấp phát từ kho', 1, N'Asset', 6)\r\n","INSERT [dbo].[Room_Inventory] ([id], [room_id], [quantity], [price_if_lost], [note], [is_active], [item_type], [EquipmentId]) VALUES (194, 10, 1, CAST(5000000.00 AS Decimal(18, 2)), N'Cấp phát từ kho', 1, N'Asset', 7)\r\n","INSERT [dbo].[Room_Inventory] ([id], [room_id], [quantity], [price_if_lost], [note], [is_active], [item_type], [EquipmentId]) VALUES (195, 11, 2, CAST(9000000.00 AS Decimal(18, 2)), N'Sao chép từ phòng 10', 1, N'Asset', 2)\r\n","GO\r\n"],"metadata":{"urn":"Server[@Name='Hoaideeptry']/Database[@Name='HotelManagementDB']/Table[@Name='Room_Inventory' and @Schema='dbo']","object_type":"Table"}},{"outputs":[],"execution_count":0,"cell_type":"code","source":["INSERT [dbo].[Room_Inventory] ([id], [room_id], [quantity], [price_if_lost], [note], [is_active], [item_type], [EquipmentId]) VALUES (196, 11, 1, CAST(3000000.00 AS Decimal(18, 2)), N'Sao chép từ phòng 10', 1, N'Asset', 3)\r\n","INSERT [dbo].[Room_Inventory] ([id], [room_id], [quantity], [price_if_lost], [note], [is_active], [item_type], [EquipmentId]) VALUES (197, 11, 2, CAST(600000.00 AS Decimal(18, 2)), N'Sao chép từ phòng 10', 1, N'Asset', 4)\r\n","INSERT [dbo].[Room_Inventory] ([id], [room_id], [quantity], [price_if_lost], [note], [is_active], [item_type], [EquipmentId]) VALUES (198, 11, 2, CAST(300000.00 AS Decimal(18, 2)), N'Sao chép từ phòng 10', 1, N'Asset', 5)\r\n","INSERT [dbo].[Room_Inventory] ([id], [room_id], [quantity], [price_if_lost], [note], [is_active], [item_type], [EquipmentId]) VALUES (199, 11, 2, CAST(150000.00 AS Decimal(18, 2)), N'Sao chép từ phòng 10', 1, N'Asset', 8)\r\n","INSERT [dbo].[Room_Inventory] ([id], [room_id], [quantity], [price_if_lost], [note], [is_active], [item_type], [EquipmentId]) VALUES (200, 11, 2, CAST(50000.00 AS Decimal(18, 2)), N'Sao chép từ phòng 10', 1, N'Asset', 9)\r\n","INSERT [dbo].[Room_Inventory] ([id], [room_id], [quantity], [price_if_lost], [note], [is_active], [item_type], [EquipmentId]) VALUES (201, 11, 2, CAST(100000.00 AS Decimal(18, 2)), N'Sao chép từ phòng 10', 1, N'Asset', 10)\r\n","INSERT [dbo].[Room_Inventory] ([id], [room_id], [quantity], [price_if_lost], [note], [is_active], [item_type], [EquipmentId]) VALUES (202, 11, 2, CAST(2000000.00 AS Decimal(18, 2)), N'Sao chép từ phòng 10', 1, N'Asset', 11)\r\n","INSERT [dbo].[Room_Inventory] ([id], [room_id], [quantity], [price_if_lost], [note], [is_active], [item_type], [EquipmentId]) VALUES (203, 11, 2, CAST(350000.00 AS Decimal(18, 2)), N'Sao chép từ phòng 10', 1, N'Asset', 12)\r\n","INSERT [dbo].[Room_Inventory] ([id], [room_id], [quantity], [price_if_lost], [note], [is_active], [item_type], [EquipmentId]) VALUES (204, 11, 4, CAST(15000.00 AS Decimal(18, 2)), N'Sao chép từ phòng 10', 1, N'Asset', 13)\r\n","INSERT [dbo].[Room_Inventory] ([id], [room_id], [quantity], [price_if_lost], [note], [is_active], [item_type], [EquipmentId]) VALUES (205, 11, 4, CAST(20000.00 AS Decimal(18, 2)), N'Sao chép từ phòng 10', 1, N'Asset', 14)\r\n","INSERT [dbo].[Room_Inventory] ([id], [room_id], [quantity], [price_if_lost], [note], [is_active], [item_type], [EquipmentId]) VALUES (206, 11, 4, CAST(30000.00 AS Decimal(18, 2)), N'Sao chép từ phòng 10', 1, N'Asset', 15)\r\n","INSERT [dbo].[Room_Inventory] ([id], [room_id], [quantity], [price_if_lost], [note], [is_active], [item_type], [EquipmentId]) VALUES (207, 11, 4, CAST(25000.00 AS Decimal(18, 2)), N'Sao chép từ phòng 10', 1, N'Asset', 16)\r\n","INSERT [dbo].[Room_Inventory] ([id], [room_id], [quantity], [price_if_lost], [note], [is_active], [item_type], [EquipmentId]) VALUES (208, 11, 4, CAST(35000.00 AS Decimal(18, 2)), N'Sao chép từ phòng 10', 1, N'Asset', 17)\r\n","INSERT [dbo].[Room_Inventory] ([id], [room_id], [quantity], [price_if_lost], [note], [is_active], [item_type], [EquipmentId]) VALUES (209, 11, 2, CAST(0.00 AS Decimal(18, 2)), N'Sao chép từ phòng 10', 1, N'Asset', 18)\r\n","INSERT [dbo].[Room_Inventory] ([id], [room_id], [quantity], [price_if_lost], [note], [is_active], [item_type], [EquipmentId]) VALUES (210, 11, 2, CAST(0.00 AS Decimal(18, 2)), N'Sao chép từ phòng 10', 1, N'Asset', 19)\r\n","INSERT [dbo].[Room_Inventory] ([id], [room_id], [quantity], [price_if_lost], [note], [is_active], [item_type], [EquipmentId]) VALUES (211, 11, 1, CAST(150000.00 AS Decimal(18, 2)), N'Sao chép từ phòng 10', 1, N'Asset', 20)\r\n","INSERT [dbo].[Room_Inventory] ([id], [room_id], [quantity], [price_if_lost], [note], [is_active], [item_type], [EquipmentId]) VALUES (212, 11, 4, CAST(30000.00 AS Decimal(18, 2)), N'Sao chép từ phòng 10', 1, N'Asset', 21)\r\n","INSERT [dbo].[Room_Inventory] ([id], [room_id], [quantity], [price_if_lost], [note], [is_active], [item_type], [EquipmentId]) VALUES (213, 11, 1, CAST(20000000.00 AS Decimal(18, 2)), N'Sao chép từ phòng 10', 1, N'Asset', 22)\r\n","INSERT [dbo].[Room_Inventory] ([id], [room_id], [quantity], [price_if_lost], [note], [is_active], [item_type], [EquipmentId]) VALUES (214, 11, 1, CAST(10000000.00 AS Decimal(18, 2)), N'Sao chép từ phòng 10', 1, N'Asset', 6)\r\n","INSERT [dbo].[Room_Inventory] ([id], [room_id], [quantity], [price_if_lost], [note], [is_active], [item_type], [EquipmentId]) VALUES (215, 11, 1, CAST(5000000.00 AS Decimal(18, 2)), N'Sao chép từ phòng 10', 1, N'Asset', 7)\r\n","INSERT [dbo].[Room_Inventory] ([id], [room_id], [quantity], [price_if_lost], [note], [is_active], [item_type], [EquipmentId]) VALUES (216, 12, 2, CAST(9000000.00 AS Decimal(18, 2)), N'Sao chép từ phòng 10', 1, N'Asset', 2)\r\n","INSERT [dbo].[Room_Inventory] ([id], [room_id], [quantity], [price_if_lost], [note], [is_active], [item_type], [EquipmentId]) VALUES (217, 12, 1, CAST(3000000.00 AS Decimal(18, 2)), N'Sao chép từ phòng 10', 1, N'Asset', 3)\r\n","INSERT [dbo].[Room_Inventory] ([id], [room_id], [quantity], [price_if_lost], [note], [is_active], [item_type], [EquipmentId]) VALUES (218, 12, 2, CAST(600000.00 AS Decimal(18, 2)), N'Sao chép từ phòng 10', 1, N'Asset', 4)\r\n","INSERT [dbo].[Room_Inventory] ([id], [room_id], [quantity], [price_if_lost], [note], [is_active], [item_type], [EquipmentId]) VALUES (219, 12, 2, CAST(300000.00 AS Decimal(18, 2)), N'Sao chép từ phòng 10', 1, N'Asset', 5)\r\n","INSERT [dbo].[Room_Inventory] ([id], [room_id], [quantity], [price_if_lost], [note], [is_active], [item_type], [EquipmentId]) VALUES (220, 12, 2, CAST(150000.00 AS Decimal(18, 2)), N'Sao chép từ phòng 10', 1, N'Asset', 8)\r\n","INSERT [dbo].[Room_Inventory] ([id], [room_id], [quantity], [price_if_lost], [note], [is_active], [item_type], [EquipmentId]) VALUES (221, 12, 2, CAST(50000.00 AS Decimal(18, 2)), N'Sao chép từ phòng 10', 1, N'Asset', 9)\r\n","INSERT [dbo].[Room_Inventory] ([id], [room_id], [quantity], [price_if_lost], [note], [is_active], [item_type], [EquipmentId]) VALUES (222, 12, 2, CAST(100000.00 AS Decimal(18, 2)), N'Sao chép từ phòng 10', 1, N'Asset', 10)\r\n","INSERT [dbo].[Room_Inventory] ([id], [room_id], [quantity], [price_if_lost], [note], [is_active], [item_type], [EquipmentId]) VALUES (223, 12, 2, CAST(2000000.00 AS Decimal(18, 2)), N'Sao chép từ phòng 10', 1, N'Asset', 11)\r\n","INSERT [dbo].[Room_Inventory] ([id], [room_id], [quantity], [price_if_lost], [note], [is_active], [item_type], [EquipmentId]) VALUES (224, 12, 2, CAST(350000.00 AS Decimal(18, 2)), N'Sao chép từ phòng 10', 1, N'Asset', 12)\r\n","INSERT [dbo].[Room_Inventory] ([id], [room_id], [quantity], [price_if_lost], [note], [is_active], [item_type], [EquipmentId]) VALUES (225, 12, 4, CAST(15000.00 AS Decimal(18, 2)), N'Sao chép từ phòng 10', 1, N'Asset', 13)\r\n","INSERT [dbo].[Room_Inventory] ([id], [room_id], [quantity], [price_if_lost], [note], [is_active], [item_type], [EquipmentId]) VALUES (226, 12, 4, CAST(20000.00 AS Decimal(18, 2)), N'Sao chép từ phòng 10', 1, N'Asset', 14)\r\n","INSERT [dbo].[Room_Inventory] ([id], [room_id], [quantity], [price_if_lost], [note], [is_active], [item_type], [EquipmentId]) VALUES (227, 12, 4, CAST(30000.00 AS Decimal(18, 2)), N'Sao chép từ phòng 10', 1, N'Asset', 15)\r\n","INSERT [dbo].[Room_Inventory] ([id], [room_id], [quantity], [price_if_lost], [note], [is_active], [item_type], [EquipmentId]) VALUES (228, 12, 4, CAST(25000.00 AS Decimal(18, 2)), N'Sao chép từ phòng 10', 1, N'Asset', 16)\r\n","INSERT [dbo].[Room_Inventory] ([id], [room_id], [quantity], [price_if_lost], [note], [is_active], [item_type], [EquipmentId]) VALUES (229, 12, 4, CAST(35000.00 AS Decimal(18, 2)), N'Sao chép từ phòng 10', 1, N'Asset', 17)\r\n","INSERT [dbo].[Room_Inventory] ([id], [room_id], [quantity], [price_if_lost], [note], [is_active], [item_type], [EquipmentId]) VALUES (230, 12, 2, CAST(0.00 AS Decimal(18, 2)), N'Sao chép từ phòng 10', 1, N'Asset', 18)\r\n","INSERT [dbo].[Room_Inventory] ([id], [room_id], [quantity], [price_if_lost], [note], [is_active], [item_type], [EquipmentId]) VALUES (231, 12, 2, CAST(0.00 AS Decimal(18, 2)), N'Sao chép từ phòng 10', 1, N'Asset', 19)\r\n","INSERT [dbo].[Room_Inventory] ([id], [room_id], [quantity], [price_if_lost], [note], [is_active], [item_type], [EquipmentId]) VALUES (232, 12, 1, CAST(150000.00 AS Decimal(18, 2)), N'Sao chép từ phòng 10', 1, N'Asset', 20)\r\n","INSERT [dbo].[Room_Inventory] ([id], [room_id], [quantity], [price_if_lost], [note], [is_active], [item_type], [EquipmentId]) VALUES (233, 12, 4, CAST(30000.00 AS Decimal(18, 2)), N'Sao chép từ phòng 10', 1, N'Asset', 21)\r\n","INSERT [dbo].[Room_Inventory] ([id], [room_id], [quantity], [price_if_lost], [note], [is_active], [item_type], [EquipmentId]) VALUES (234, 12, 1, CAST(20000000.00 AS Decimal(18, 2)), N'Sao chép từ phòng 10', 1, N'Asset', 22)\r\n","INSERT [dbo].[Room_Inventory] ([id], [room_id], [quantity], [price_if_lost], [note], [is_active], [item_type], [EquipmentId]) VALUES (235, 12, 1, CAST(10000000.00 AS Decimal(18, 2)), N'Sao chép từ phòng 10', 1, N'Asset', 6)\r\n","INSERT [dbo].[Room_Inventory] ([id], [room_id], [quantity], [price_if_lost], [note], [is_active], [item_type], [EquipmentId]) VALUES (236, 12, 1, CAST(5000000.00 AS Decimal(18, 2)), N'Sao chép từ phòng 10', 1, N'Asset', 7)\r\n","INSERT [dbo].[Room_Inventory] ([id], [room_id], [quantity], [price_if_lost], [note], [is_active], [item_type], [EquipmentId]) VALUES (237, 13, 4, CAST(9000000.00 AS Decimal(18, 2)), N'Sao chép từ phòng 10', 1, N'Asset', 2)\r\n","INSERT [dbo].[Room_Inventory] ([id], [room_id], [quantity], [price_if_lost], [note], [is_active], [item_type], [EquipmentId]) VALUES (238, 13, 2, CAST(3000000.00 AS Decimal(18, 2)), N'Sao chép từ phòng 10', 1, N'Asset', 3)\r\n","INSERT [dbo].[Room_Inventory] ([id], [room_id], [quantity], [price_if_lost], [note], [is_active], [item_type], [EquipmentId]) VALUES (239, 13, 2, CAST(600000.00 AS Decimal(18, 2)), N'Sao chép từ phòng 10', 1, N'Asset', 4)\r\n","INSERT [dbo].[Room_Inventory] ([id], [room_id], [quantity], [price_if_lost], [note], [is_active], [item_type], [EquipmentId]) VALUES (240, 13, 2, CAST(300000.00 AS Decimal(18, 2)), N'Sao chép từ phòng 10', 1, N'Asset', 5)\r\n","INSERT [dbo].[Room_Inventory] ([id], [room_id], [quantity], [price_if_lost], [note], [is_active], [item_type], [EquipmentId]) VALUES (241, 13, 4, CAST(150000.00 AS Decimal(18, 2)), N'Sao chép từ phòng 10', 1, N'Asset', 8)\r\n","INSERT [dbo].[Room_Inventory] ([id], [room_id], [quantity], [price_if_lost], [note], [is_active], [item_type], [EquipmentId]) VALUES (242, 13, 4, CAST(50000.00 AS Decimal(18, 2)), N'Sao chép từ phòng 10', 1, N'Asset', 9)\r\n","INSERT [dbo].[Room_Inventory] ([id], [room_id], [quantity], [price_if_lost], [note], [is_active], [item_type], [EquipmentId]) VALUES (243, 13, 4, CAST(100000.00 AS Decimal(18, 2)), N'Sao chép từ phòng 10', 1, N'Asset', 10)\r\n","INSERT [dbo].[Room_Inventory] ([id], [room_id], [quantity], [price_if_lost], [note], [is_active], [item_type], [EquipmentId]) VALUES (244, 13, 4, CAST(2000000.00 AS Decimal(18, 2)), N'Sao chép từ phòng 10', 1, N'Asset', 11)\r\n","INSERT [dbo].[Room_Inventory] ([id], [room_id], [quantity], [price_if_lost], [note], [is_active], [item_type], [EquipmentId]) VALUES (245, 13, 4, CAST(350000.00 AS Decimal(18, 2)), N'Sao chép từ phòng 10', 1, N'Asset', 12)\r\n","INSERT [dbo].[Room_Inventory] ([id], [room_id], [quantity], [price_if_lost], [note], [is_active], [item_type], [EquipmentId]) VALUES (246, 13, 8, CAST(15000.00 AS Decimal(18, 2)), N'Sao chép từ phòng 10', 1, N'Asset', 13)\r\n","INSERT [dbo].[Room_Inventory] ([id], [room_id], [quantity], [price_if_lost], [note], [is_active], [item_type], [EquipmentId]) VALUES (247, 13, 8, CAST(20000.00 AS Decimal(18, 2)), N'Sao chép từ phòng 10', 1, N'Asset', 14)\r\n","INSERT [dbo].[Room_Inventory] ([id], [room_id], [quantity], [price_if_lost], [note], [is_active], [item_type], [EquipmentId]) VALUES (248, 13, 8, CAST(30000.00 AS Decimal(18, 2)), N'Sao chép từ phòng 10', 1, N'Asset', 15)\r\n","INSERT [dbo].[Room_Inventory] ([id], [room_id], [quantity], [price_if_lost], [note], [is_active], [item_type], [EquipmentId]) VALUES (249, 13, 8, CAST(25000.00 AS Decimal(18, 2)), N'Sao chép từ phòng 10', 1, N'Asset', 16)\r\n","INSERT [dbo].[Room_Inventory] ([id], [room_id], [quantity], [price_if_lost], [note], [is_active], [item_type], [EquipmentId]) VALUES (250, 13, 8, CAST(35000.00 AS Decimal(18, 2)), N'Sao chép từ phòng 10', 1, N'Asset', 17)\r\n","INSERT [dbo].[Room_Inventory] ([id], [room_id], [quantity], [price_if_lost], [note], [is_active], [item_type], [EquipmentId]) VALUES (251, 13, 4, CAST(0.00 AS Decimal(18, 2)), N'Sao chép từ phòng 10', 1, N'Asset', 18)\r\n","INSERT [dbo].[Room_Inventory] ([id], [room_id], [quantity], [price_if_lost], [note], [is_active], [item_type], [EquipmentId]) VALUES (252, 13, 4, CAST(0.00 AS Decimal(18, 2)), N'Sao chép từ phòng 10', 1, N'Asset', 19)\r\n","INSERT [dbo].[Room_Inventory] ([id], [room_id], [quantity], [price_if_lost], [note], [is_active], [item_type], [EquipmentId]) VALUES (253, 13, 2, CAST(150000.00 AS Decimal(18, 2)), N'Sao chép từ phòng 10', 1, N'Asset', 20)\r\n","INSERT [dbo].[Room_Inventory] ([id], [room_id], [quantity], [price_if_lost], [note], [is_active], [item_type], [EquipmentId]) VALUES (254, 13, 8, CAST(30000.00 AS Decimal(18, 2)), N'Sao chép từ phòng 10', 1, N'Asset', 21)\r\n","INSERT [dbo].[Room_Inventory] ([id], [room_id], [quantity], [price_if_lost], [note], [is_active], [item_type], [EquipmentId]) VALUES (255, 13, 2, CAST(20000000.00 AS Decimal(18, 2)), N'Sao chép từ phòng 10', 1, N'Asset', 22)\r\n","INSERT [dbo].[Room_Inventory] ([id], [room_id], [quantity], [price_if_lost], [note], [is_active], [item_type], [EquipmentId]) VALUES (256, 13, 2, CAST(10000000.00 AS Decimal(18, 2)), N'Sao chép từ phòng 10', 1, N'Asset', 6)\r\n","INSERT [dbo].[Room_Inventory] ([id], [room_id], [quantity], [price_if_lost], [note], [is_active], [item_type], [EquipmentId]) VALUES (258, 14, 4, CAST(9000000.00 AS Decimal(18, 2)), N'Sao chép từ phòng 13', 1, N'Asset', 2)\r\n","INSERT [dbo].[Room_Inventory] ([id], [room_id], [quantity], [price_if_lost], [note], [is_active], [item_type], [EquipmentId]) VALUES (259, 14, 2, CAST(3000000.00 AS Decimal(18, 2)), N'Sao chép từ phòng 13', 1, N'Asset', 3)\r\n","INSERT [dbo].[Room_Inventory] ([id], [room_id], [quantity], [price_if_lost], [note], [is_active], [item_type], [EquipmentId]) VALUES (260, 14, 2, CAST(600000.00 AS Decimal(18, 2)), N'Sao chép từ phòng 13', 1, N'Asset', 4)\r\n","INSERT [dbo].[Room_Inventory] ([id], [room_id], [quantity], [price_if_lost], [note], [is_active], [item_type], [EquipmentId]) VALUES (261, 14, 2, CAST(300000.00 AS Decimal(18, 2)), N'Sao chép từ phòng 13', 1, N'Asset', 5)\r\n","INSERT [dbo].[Room_Inventory] ([id], [room_id], [quantity], [price_if_lost], [note], [is_active], [item_type], [EquipmentId]) VALUES (262, 14, 4, CAST(150000.00 AS Decimal(18, 2)), N'Sao chép từ phòng 13', 1, N'Asset', 8)\r\n","INSERT [dbo].[Room_Inventory] ([id], [room_id], [quantity], [price_if_lost], [note], [is_active], [item_type], [EquipmentId]) VALUES (263, 14, 4, CAST(50000.00 AS Decimal(18, 2)), N'Sao chép từ phòng 13', 1, N'Asset', 9)\r\n","INSERT [dbo].[Room_Inventory] ([id], [room_id], [quantity], [price_if_lost], [note], [is_active], [item_type], [EquipmentId]) VALUES (264, 14, 4, CAST(100000.00 AS Decimal(18, 2)), N'Sao chép từ phòng 13', 1, N'Asset', 10)\r\n","INSERT [dbo].[Room_Inventory] ([id], [room_id], [quantity], [price_if_lost], [note], [is_active], [item_type], [EquipmentId]) VALUES (265, 14, 4, CAST(2000000.00 AS Decimal(18, 2)), N'Sao chép từ phòng 13', 1, N'Asset', 11)\r\n","INSERT [dbo].[Room_Inventory] ([id], [room_id], [quantity], [price_if_lost], [note], [is_active], [item_type], [EquipmentId]) VALUES (266, 14, 4, CAST(350000.00 AS Decimal(18, 2)), N'Sao chép từ phòng 13', 1, N'Asset', 12)\r\n","INSERT [dbo].[Room_Inventory] ([id], [room_id], [quantity], [price_if_lost], [note], [is_active], [item_type], [EquipmentId]) VALUES (267, 14, 8, CAST(15000.00 AS Decimal(18, 2)), N'Sao chép từ phòng 13', 1, N'Asset', 13)\r\n","INSERT [dbo].[Room_Inventory] ([id], [room_id], [quantity], [price_if_lost], [note], [is_active], [item_type], [EquipmentId]) VALUES (268, 14, 8, CAST(20000.00 AS Decimal(18, 2)), N'Sao chép từ phòng 13', 1, N'Asset', 14)\r\n","INSERT [dbo].[Room_Inventory] ([id], [room_id], [quantity], [price_if_lost], [note], [is_active], [item_type], [EquipmentId]) VALUES (269, 14, 8, CAST(30000.00 AS Decimal(18, 2)), N'Sao chép từ phòng 13', 1, N'Asset', 15)\r\n","INSERT [dbo].[Room_Inventory] ([id], [room_id], [quantity], [price_if_lost], [note], [is_active], [item_type], [EquipmentId]) VALUES (270, 14, 8, CAST(25000.00 AS Decimal(18, 2)), N'Sao chép từ phòng 13', 1, N'Asset', 16)\r\n","INSERT [dbo].[Room_Inventory] ([id], [room_id], [quantity], [price_if_lost], [note], [is_active], [item_type], [EquipmentId]) VALUES (271, 14, 8, CAST(35000.00 AS Decimal(18, 2)), N'Sao chép từ phòng 13', 1, N'Asset', 17)\r\n","INSERT [dbo].[Room_Inventory] ([id], [room_id], [quantity], [price_if_lost], [note], [is_active], [item_type], [EquipmentId]) VALUES (272, 14, 4, CAST(0.00 AS Decimal(18, 2)), N'Sao chép từ phòng 13', 1, N'Asset', 18)\r\n","INSERT [dbo].[Room_Inventory] ([id], [room_id], [quantity], [price_if_lost], [note], [is_active], [item_type], [EquipmentId]) VALUES (273, 14, 4, CAST(0.00 AS Decimal(18, 2)), N'Sao chép từ phòng 13', 1, N'Asset', 19)\r\n","INSERT [dbo].[Room_Inventory] ([id], [room_id], [quantity], [price_if_lost], [note], [is_active], [item_type], [EquipmentId]) VALUES (274, 14, 2, CAST(150000.00 AS Decimal(18, 2)), N'Sao chép từ phòng 13', 1, N'Asset', 20)\r\n","INSERT [dbo].[Room_Inventory] ([id], [room_id], [quantity], [price_if_lost], [note], [is_active], [item_type], [EquipmentId]) VALUES (275, 14, 8, CAST(30000.00 AS Decimal(18, 2)), N'Sao chép từ phòng 13', 1, N'Asset', 21)\r\n","INSERT [dbo].[Room_Inventory] ([id], [room_id], [quantity], [price_if_lost], [note], [is_active], [item_type], [EquipmentId]) VALUES (276, 14, 2, CAST(20000000.00 AS Decimal(18, 2)), N'Sao chép từ phòng 13', 1, N'Asset', 22)\r\n","INSERT [dbo].[Room_Inventory] ([id], [room_id], [quantity], [price_if_lost], [note], [is_active], [item_type], [EquipmentId]) VALUES (277, 14, 2, CAST(10000000.00 AS Decimal(18, 2)), N'Sao chép từ phòng 13', 1, N'Asset', 6)\r\n","INSERT [dbo].[Room_Inventory] ([id], [room_id], [quantity], [price_if_lost], [note], [is_active], [item_type], [EquipmentId]) VALUES (278, 15, 4, CAST(8000000.00 AS Decimal(18, 2)), N'Đồng bộ tự động từ kho', 1, N'Asset', 1)\r\n","INSERT [dbo].[Room_Inventory] ([id], [room_id], [quantity], [price_if_lost], [note], [is_active], [item_type], [EquipmentId]) VALUES (279, 15, 4, CAST(9000000.00 AS Decimal(18, 2)), N'Đồng bộ tự động từ kho', 1, N'Asset', 2)\r\n","INSERT [dbo].[Room_Inventory] ([id], [room_id], [quantity], [price_if_lost], [note], [is_active], [item_type], [EquipmentId]) VALUES (280, 15, 4, CAST(3000000.00 AS Decimal(18, 2)), N'Đồng bộ tự động từ kho', 1, N'Asset', 3)\r\n","INSERT [dbo].[Room_Inventory] ([id], [room_id], [quantity], [price_if_lost], [note], [is_active], [item_type], [EquipmentId]) VALUES (281, 15, 4, CAST(600000.00 AS Decimal(18, 2)), N'Đồng bộ tự động từ kho', 1, N'Asset', 4)\r\n","INSERT [dbo].[Room_Inventory] ([id], [room_id], [quantity], [price_if_lost], [note], [is_active], [item_type], [EquipmentId]) VALUES (282, 15, 4, CAST(300000.00 AS Decimal(18, 2)), N'Đồng bộ tự động từ kho', 1, N'Asset', 5)\r\n","INSERT [dbo].[Room_Inventory] ([id], [room_id], [quantity], [price_if_lost], [note], [is_active], [item_type], [EquipmentId]) VALUES (283, 15, 4, CAST(10000000.00 AS Decimal(18, 2)), N'Đồng bộ tự động từ kho', 1, N'Asset', 6)\r\n","INSERT [dbo].[Room_Inventory] ([id], [room_id], [quantity], [price_if_lost], [note], [is_active], [item_type], [EquipmentId]) VALUES (284, 15, 2, CAST(5000000.00 AS Decimal(18, 2)), N'Đồng bộ tự động từ kho', 1, N'Asset', 7)\r\n","INSERT [dbo].[Room_Inventory] ([id], [room_id], [quantity], [price_if_lost], [note], [is_active], [item_type], [EquipmentId]) VALUES (285, 15, 8, CAST(150000.00 AS Decimal(18, 2)), N'Đồng bộ tự động từ kho', 1, N'Asset', 8)\r\n","INSERT [dbo].[Room_Inventory] ([id], [room_id], [quantity], [price_if_lost], [note], [is_active], [item_type], [EquipmentId]) VALUES (286, 15, 8, CAST(50000.00 AS Decimal(18, 2)), N'Đồng bộ tự động từ kho', 1, N'Asset', 9)\r\n","INSERT [dbo].[Room_Inventory] ([id], [room_id], [quantity], [price_if_lost], [note], [is_active], [item_type], [EquipmentId]) VALUES (287, 15, 4, CAST(100000.00 AS Decimal(18, 2)), N'Đồng bộ tự động từ kho', 1, N'Asset', 10)\r\n","INSERT [dbo].[Room_Inventory] ([id], [room_id], [quantity], [price_if_lost], [note], [is_active], [item_type], [EquipmentId]) VALUES (288, 15, 4, CAST(2000000.00 AS Decimal(18, 2)), N'Đồng bộ tự động từ kho', 1, N'Asset', 11)\r\n","INSERT [dbo].[Room_Inventory] ([id], [room_id], [quantity], [price_if_lost], [note], [is_active], [item_type], [EquipmentId]) VALUES (289, 15, 6, CAST(350000.00 AS Decimal(18, 2)), N'Đồng bộ tự động từ kho', 1, N'Asset', 12)\r\n","INSERT [dbo].[Room_Inventory] ([id], [room_id], [quantity], [price_if_lost], [note], [is_active], [item_type], [EquipmentId]) VALUES (290, 15, 10, CAST(15000.00 AS Decimal(18, 2)), N'Đồng bộ tự động từ kho', 1, N'Asset', 13)\r\n","INSERT [dbo].[Room_Inventory] ([id], [room_id], [quantity], [price_if_lost], [note], [is_active], [item_type], [EquipmentId]) VALUES (291, 15, 10, CAST(20000.00 AS Decimal(18, 2)), N'Đồng bộ tự động từ kho', 1, N'Asset', 14)\r\n","INSERT [dbo].[Room_Inventory] ([id], [room_id], [quantity], [price_if_lost], [note], [is_active], [item_type], [EquipmentId]) VALUES (292, 15, 14, CAST(30000.00 AS Decimal(18, 2)), N'Đồng bộ tự động từ kho', 1, N'Asset', 15)\r\n","INSERT [dbo].[Room_Inventory] ([id], [room_id], [quantity], [price_if_lost], [note], [is_active], [item_type], [EquipmentId]) VALUES (293, 15, 10, CAST(25000.00 AS Decimal(18, 2)), N'Đồng bộ tự động từ kho', 1, N'Asset', 16)\r\n","INSERT [dbo].[Room_Inventory] ([id], [room_id], [quantity], [price_if_lost], [note], [is_active], [item_type], [EquipmentId]) VALUES (294, 15, 10, CAST(35000.00 AS Decimal(18, 2)), N'Đồng bộ tự động từ kho', 1, N'Asset', 17)\r\n","INSERT [dbo].[Room_Inventory] ([id], [room_id], [quantity], [price_if_lost], [note], [is_active], [item_type], [EquipmentId]) VALUES (295, 15, 10, CAST(0.00 AS Decimal(18, 2)), N'Đồng bộ tự động từ kho', 1, N'Asset', 18)\r\n","INSERT [dbo].[Room_Inventory] ([id], [room_id], [quantity], [price_if_lost], [note], [is_active], [item_type], [EquipmentId]) VALUES (296, 15, 10, CAST(0.00 AS Decimal(18, 2)), N'Đồng bộ tự động từ kho', 1, N'Asset', 19)\r\n","GO\r\n"],"metadata":{"urn":"Server[@Name='Hoaideeptry']/Database[@Name='HotelManagementDB']/Table[@Name='Room_Inventory' and @Schema='dbo']","object_type":"Table"}},{"outputs":[],"execution_count":0,"cell_type":"code","source":["INSERT [dbo].[Room_Inventory] ([id], [room_id], [quantity], [price_if_lost], [note], [is_active], [item_type], [EquipmentId]) VALUES (297, 15, 4, CAST(150000.00 AS Decimal(18, 2)), N'Đồng bộ tự động từ kho', 1, N'Asset', 20)\r\n","INSERT [dbo].[Room_Inventory] ([id], [room_id], [quantity], [price_if_lost], [note], [is_active], [item_type], [EquipmentId]) VALUES (298, 15, 10, CAST(30000.00 AS Decimal(18, 2)), N'Đồng bộ tự động từ kho', 1, N'Asset', 21)\r\n","INSERT [dbo].[Room_Inventory] ([id], [room_id], [quantity], [price_if_lost], [note], [is_active], [item_type], [EquipmentId]) VALUES (300, 16, 4, CAST(9000000.00 AS Decimal(18, 2)), N'Sao chép từ phòng 13', 1, N'Asset', 2)\r\n","INSERT [dbo].[Room_Inventory] ([id], [room_id], [quantity], [price_if_lost], [note], [is_active], [item_type], [EquipmentId]) VALUES (301, 16, 2, CAST(3000000.00 AS Decimal(18, 2)), N'Sao chép từ phòng 13', 1, N'Asset', 3)\r\n","INSERT [dbo].[Room_Inventory] ([id], [room_id], [quantity], [price_if_lost], [note], [is_active], [item_type], [EquipmentId]) VALUES (302, 16, 2, CAST(600000.00 AS Decimal(18, 2)), N'Sao chép từ phòng 13', 1, N'Asset', 4)\r\n","INSERT [dbo].[Room_Inventory] ([id], [room_id], [quantity], [price_if_lost], [note], [is_active], [item_type], [EquipmentId]) VALUES (303, 16, 2, CAST(300000.00 AS Decimal(18, 2)), N'Sao chép từ phòng 13', 1, N'Asset', 5)\r\n","INSERT [dbo].[Room_Inventory] ([id], [room_id], [quantity], [price_if_lost], [note], [is_active], [item_type], [EquipmentId]) VALUES (304, 16, 4, CAST(150000.00 AS Decimal(18, 2)), N'Sao chép từ phòng 13', 1, N'Asset', 8)\r\n","INSERT [dbo].[Room_Inventory] ([id], [room_id], [quantity], [price_if_lost], [note], [is_active], [item_type], [EquipmentId]) VALUES (305, 16, 4, CAST(50000.00 AS Decimal(18, 2)), N'Sao chép từ phòng 13', 1, N'Asset', 9)\r\n","INSERT [dbo].[Room_Inventory] ([id], [room_id], [quantity], [price_if_lost], [note], [is_active], [item_type], [EquipmentId]) VALUES (306, 16, 4, CAST(100000.00 AS Decimal(18, 2)), N'Sao chép từ phòng 13', 1, N'Asset', 10)\r\n","INSERT [dbo].[Room_Inventory] ([id], [room_id], [quantity], [price_if_lost], [note], [is_active], [item_type], [EquipmentId]) VALUES (307, 16, 4, CAST(2000000.00 AS Decimal(18, 2)), N'Sao chép từ phòng 13', 1, N'Asset', 11)\r\n","INSERT [dbo].[Room_Inventory] ([id], [room_id], [quantity], [price_if_lost], [note], [is_active], [item_type], [EquipmentId]) VALUES (308, 16, 4, CAST(350000.00 AS Decimal(18, 2)), N'Sao chép từ phòng 13', 1, N'Asset', 12)\r\n","INSERT [dbo].[Room_Inventory] ([id], [room_id], [quantity], [price_if_lost], [note], [is_active], [item_type], [EquipmentId]) VALUES (309, 16, 8, CAST(15000.00 AS Decimal(18, 2)), N'Sao chép từ phòng 13', 1, N'Asset', 13)\r\n","INSERT [dbo].[Room_Inventory] ([id], [room_id], [quantity], [price_if_lost], [note], [is_active], [item_type], [EquipmentId]) VALUES (310, 16, 8, CAST(20000.00 AS Decimal(18, 2)), N'Sao chép từ phòng 13', 1, N'Asset', 14)\r\n","INSERT [dbo].[Room_Inventory] ([id], [room_id], [quantity], [price_if_lost], [note], [is_active], [item_type], [EquipmentId]) VALUES (311, 16, 8, CAST(30000.00 AS Decimal(18, 2)), N'Sao chép từ phòng 13', 1, N'Asset', 15)\r\n","INSERT [dbo].[Room_Inventory] ([id], [room_id], [quantity], [price_if_lost], [note], [is_active], [item_type], [EquipmentId]) VALUES (312, 16, 8, CAST(25000.00 AS Decimal(18, 2)), N'Sao chép từ phòng 13', 1, N'Asset', 16)\r\n","INSERT [dbo].[Room_Inventory] ([id], [room_id], [quantity], [price_if_lost], [note], [is_active], [item_type], [EquipmentId]) VALUES (313, 16, 8, CAST(35000.00 AS Decimal(18, 2)), N'Sao chép từ phòng 13', 1, N'Asset', 17)\r\n","INSERT [dbo].[Room_Inventory] ([id], [room_id], [quantity], [price_if_lost], [note], [is_active], [item_type], [EquipmentId]) VALUES (314, 16, 4, CAST(0.00 AS Decimal(18, 2)), N'Sao chép từ phòng 13', 1, N'Asset', 18)\r\n","INSERT [dbo].[Room_Inventory] ([id], [room_id], [quantity], [price_if_lost], [note], [is_active], [item_type], [EquipmentId]) VALUES (315, 16, 4, CAST(0.00 AS Decimal(18, 2)), N'Sao chép từ phòng 13', 1, N'Asset', 19)\r\n","INSERT [dbo].[Room_Inventory] ([id], [room_id], [quantity], [price_if_lost], [note], [is_active], [item_type], [EquipmentId]) VALUES (316, 16, 2, CAST(150000.00 AS Decimal(18, 2)), N'Sao chép từ phòng 13', 1, N'Asset', 20)\r\n","INSERT [dbo].[Room_Inventory] ([id], [room_id], [quantity], [price_if_lost], [note], [is_active], [item_type], [EquipmentId]) VALUES (317, 16, 8, CAST(30000.00 AS Decimal(18, 2)), N'Sao chép từ phòng 13', 1, N'Asset', 21)\r\n","INSERT [dbo].[Room_Inventory] ([id], [room_id], [quantity], [price_if_lost], [note], [is_active], [item_type], [EquipmentId]) VALUES (318, 16, 2, CAST(20000000.00 AS Decimal(18, 2)), N'Sao chép từ phòng 13', 1, N'Asset', 22)\r\n","INSERT [dbo].[Room_Inventory] ([id], [room_id], [quantity], [price_if_lost], [note], [is_active], [item_type], [EquipmentId]) VALUES (319, 16, 2, CAST(10000000.00 AS Decimal(18, 2)), N'Sao chép từ phòng 13', 1, N'Asset', 6)\r\n","SET IDENTITY_INSERT [dbo].[Room_Inventory] OFF\r\n","GO\r\n"],"metadata":{"urn":"Server[@Name='Hoaideeptry']/Database[@Name='HotelManagementDB']/Table[@Name='Room_Inventory' and @Schema='dbo']","object_type":"Table"}},{"cell_type":"markdown","source":["# [dbo].[Room_Types]"],"metadata":{"urn":"Server[@Name='Hoaideeptry']/Database[@Name='HotelManagementDB']/Table[@Name='Room_Types' and @Schema='dbo']","object_type":"Table"}},{"outputs":[],"execution_count":0,"cell_type":"code","source":["SET IDENTITY_INSERT [dbo].[Room_Types] ON \r\n","INSERT [dbo].[Room_Types] ([id], [name], [base_price], [capacity_adults], [capacity_children], [description], [size_sqm], [bed_type], [view_type], [is_active], [slug], [content]) VALUES (1, N'Phòng tiêu chuẩn 1 giường đơn', CAST(500000.00 AS Decimal(18, 2)), 2, 1, N'Phòng tiêu chuẩn', NULL, NULL, NULL, 1, NULL, NULL)\r\n","INSERT [dbo].[Room_Types] ([id], [name], [base_price], [capacity_adults], [capacity_children], [description], [size_sqm], [bed_type], [view_type], [is_active], [slug], [content]) VALUES (2, N'Phòng tiêu chuẩn 1 giường đôi', CAST(700000.00 AS Decimal(18, 2)), 2, 1, N'Phòng tiêu chuẩn', NULL, NULL, NULL, 1, NULL, NULL)\r\n","INSERT [dbo].[Room_Types] ([id], [name], [base_price], [capacity_adults], [capacity_children], [description], [size_sqm], [bed_type], [view_type], [is_active], [slug], [content]) VALUES (3, N'Phòng cao cấp hướng phố', CAST(1000000.00 AS Decimal(18, 2)), 2, 1, N'Phòng cao cấp', NULL, NULL, NULL, 1, NULL, NULL)\r\n","INSERT [dbo].[Room_Types] ([id], [name], [base_price], [capacity_adults], [capacity_children], [description], [size_sqm], [bed_type], [view_type], [is_active], [slug], [content]) VALUES (4, N'Phòng Deluxe hướng biển', CAST(1500000.00 AS Decimal(18, 2)), 2, 2, NULL, NULL, NULL, NULL, 1, NULL, NULL)\r\n","INSERT [dbo].[Room_Types] ([id], [name], [base_price], [capacity_adults], [capacity_children], [description], [size_sqm], [bed_type], [view_type], [is_active], [slug], [content]) VALUES (5, N'Phòng Premium tiện nghi cao cấp', CAST(2000000.00 AS Decimal(18, 2)), 2, 2, NULL, NULL, NULL, NULL, 1, NULL, NULL)\r\n","INSERT [dbo].[Room_Types] ([id], [name], [base_price], [capacity_adults], [capacity_children], [description], [size_sqm], [bed_type], [view_type], [is_active], [slug], [content]) VALUES (6, N'Phòng Hoàng gia (Royal Suite)', CAST(5000000.00 AS Decimal(18, 2)), 4, 2, NULL, NULL, NULL, NULL, 1, NULL, NULL)\r\n","INSERT [dbo].[Room_Types] ([id], [name], [base_price], [capacity_adults], [capacity_children], [description], [size_sqm], [bed_type], [view_type], [is_active], [slug], [content]) VALUES (7, N'Phòng Tổng thống (Presidential Suite)', CAST(10000000.00 AS Decimal(18, 2)), 4, 3, NULL, NULL, NULL, NULL, 1, NULL, NULL)\r\n","INSERT [dbo].[Room_Types] ([id], [name], [base_price], [capacity_adults], [capacity_children], [description], [size_sqm], [bed_type], [view_type], [is_active], [slug], [content]) VALUES (8, N'Villa nguyên căn', CAST(8000000.00 AS Decimal(18, 2)), 8, 4, NULL, NULL, NULL, NULL, 1, NULL, NULL)\r\n","SET IDENTITY_INSERT [dbo].[Room_Types] OFF\r\n","GO\r\n"],"metadata":{"urn":"Server[@Name='Hoaideeptry']/Database[@Name='HotelManagementDB']/Table[@Name='Room_Types' and @Schema='dbo']","object_type":"Table"}},{"cell_type":"markdown","source":["# [dbo].[Rooms]"],"metadata":{"urn":"Server[@Name='Hoaideeptry']/Database[@Name='HotelManagementDB']/Table[@Name='Rooms' and @Schema='dbo']","object_type":"Table"}},{"outputs":[],"execution_count":0,"cell_type":"code","source":["SET IDENTITY_INSERT [dbo].[Rooms] ON \r\n","INSERT [dbo].[Rooms] ([id], [room_type_id], [room_number], [floor], [status], [cleaning_status], [extension_number]) VALUES (1, 1, N'101', 1, N'Available', N'Clean', NULL)\r\n","INSERT [dbo].[Rooms] ([id], [room_type_id], [room_number], [floor], [status], [cleaning_status], [extension_number]) VALUES (2, 1, N'102', 1, N'Available', N'Clean', NULL)\r\n","INSERT [dbo].[Rooms] ([id], [room_type_id], [room_number], [floor], [status], [cleaning_status], [extension_number]) VALUES (3, 3, N'201', 2, N'Available', N'Clean', NULL)\r\n","INSERT [dbo].[Rooms] ([id], [room_type_id], [room_number], [floor], [status], [cleaning_status], [extension_number]) VALUES (6, 5, N'301', 3, N'Available', N'Clean', NULL)\r\n","INSERT [dbo].[Rooms] ([id], [room_type_id], [room_number], [floor], [status], [cleaning_status], [extension_number]) VALUES (7, 5, N'302', 3, N'Available', N'Clean', NULL)\r\n","INSERT [dbo].[Rooms] ([id], [room_type_id], [room_number], [floor], [status], [cleaning_status], [extension_number]) VALUES (8, 5, N'304', 3, N'Available', N'Clean', NULL)\r\n","INSERT [dbo].[Rooms] ([id], [room_type_id], [room_number], [floor], [status], [cleaning_status], [extension_number]) VALUES (9, 5, N'303', 3, N'Available', N'Clean', NULL)\r\n","INSERT [dbo].[Rooms] ([id], [room_type_id], [room_number], [floor], [status], [cleaning_status], [extension_number]) VALUES (10, 6, N'401', 4, N'Available', N'Clean', NULL)\r\n","INSERT [dbo].[Rooms] ([id], [room_type_id], [room_number], [floor], [status], [cleaning_status], [extension_number]) VALUES (11, 6, N'402', 4, N'Available', N'Clean', NULL)\r\n","INSERT [dbo].[Rooms] ([id], [room_type_id], [room_number], [floor], [status], [cleaning_status], [extension_number]) VALUES (12, 6, N'403', 4, N'Available', N'Clean', NULL)\r\n","INSERT [dbo].[Rooms] ([id], [room_type_id], [room_number], [floor], [status], [cleaning_status], [extension_number]) VALUES (13, 7, N'502', 5, N'Available', N'Clean', NULL)\r\n","INSERT [dbo].[Rooms] ([id], [room_type_id], [room_number], [floor], [status], [cleaning_status], [extension_number]) VALUES (14, 7, N'501', 5, N'Available', N'Clean', NULL)\r\n","INSERT [dbo].[Rooms] ([id], [room_type_id], [room_number], [floor], [status], [cleaning_status], [extension_number]) VALUES (15, 8, N'1', 1, N'Available', N'Clean', NULL)\r\n","INSERT [dbo].[Rooms] ([id], [room_type_id], [room_number], [floor], [status], [cleaning_status], [extension_number]) VALUES (16, 7, N'601', 6, N'Available', N'Clean', NULL)\r\n","SET IDENTITY_INSERT [dbo].[Rooms] OFF\r\n","GO\r\n"],"metadata":{"urn":"Server[@Name='Hoaideeptry']/Database[@Name='HotelManagementDB']/Table[@Name='Rooms' and @Schema='dbo']","object_type":"Table"}},{"cell_type":"markdown","source":["# [dbo].[RoomType_Amenities]"],"metadata":{"urn":"Server[@Name='Hoaideeptry']/Database[@Name='HotelManagementDB']/Table[@Name='RoomType_Amenities' and @Schema='dbo']","object_type":"Table"}},{"outputs":[],"execution_count":0,"cell_type":"code","source":["INSERT [dbo].[RoomType_Amenities] ([room_type_id], [amenity_id]) VALUES (1, 1)\r\n","INSERT [dbo].[RoomType_Amenities] ([room_type_id], [amenity_id]) VALUES (1, 2)\r\n","INSERT [dbo].[RoomType_Amenities] ([room_type_id], [amenity_id]) VALUES (1, 3)\r\n","INSERT [dbo].[RoomType_Amenities] ([room_type_id], [amenity_id]) VALUES (2, 1)\r\n","INSERT [dbo].[RoomType_Amenities] ([room_type_id], [amenity_id]) VALUES (2, 2)\r\n","GO\r\n"],"metadata":{"urn":"Server[@Name='Hoaideeptry']/Database[@Name='HotelManagementDB']/Table[@Name='RoomType_Amenities' and @Schema='dbo']","object_type":"Table"}},{"cell_type":"markdown","source":["# [dbo].[Users]"],"metadata":{"urn":"Server[@Name='Hoaideeptry']/Database[@Name='HotelManagementDB']/Table[@Name='Users' and @Schema='dbo']","object_type":"Table"}},{"outputs":[],"execution_count":0,"cell_type":"code","source":["SET IDENTITY_INSERT [dbo].[Users] ON \r\n","INSERT [dbo].[Users] ([id], [role_id], [membership_id], [full_name], [email], [phone], [password_hash], [status], [avatar_url], [created_at], [date_of_birth], [address]) VALUES (1, 1, NULL, N'Admin', N'admin@hotel.com', N'0589784564', N'$2a$11$Ps2lDwm2Ewmq8R7aWM4G3OAL.YeltOJLTideDnNcJXGbXDWB6zO2C', 1, N'https://res.cloudinary.com/dzfuzh2xg/image/upload/v1773398430/QuanTriKhachSan/Avatars/ufmestnrdxqu9ulbgkko.png', NULL, NULL, NULL)\r\n","INSERT [dbo].[Users] ([id], [role_id], [membership_id], [full_name], [email], [phone], [password_hash], [status], [avatar_url], [created_at], [date_of_birth], [address]) VALUES (2, 2, NULL, N'Trần Manager', N'manager@hotel.com', N'0900000002', N'hash2', 1, NULL, NULL, NULL, NULL)\r\n","INSERT [dbo].[Users] ([id], [role_id], [membership_id], [full_name], [email], [phone], [password_hash], [status], [avatar_url], [created_at], [date_of_birth], [address]) VALUES (3, 3, NULL, N'Lê Lễ Tân', N'reception1@hotel.com', N'0900000003', N'hash3', 1, NULL, NULL, NULL, NULL)\r\n","INSERT [dbo].[Users] ([id], [role_id], [membership_id], [full_name], [email], [phone], [password_hash], [status], [avatar_url], [created_at], [date_of_birth], [address]) VALUES (6, 10, 1, N'Khách Hàng A', N'guestA@gmail.com', N'0987654321', N'hash6', 1, NULL, NULL, NULL, NULL)\r\n","INSERT [dbo].[Users] ([id], [role_id], [membership_id], [full_name], [email], [phone], [password_hash], [status], [avatar_url], [created_at], [date_of_birth], [address]) VALUES (7, 10, NULL, N'hoai', N'hoai@hotel.com', NULL, N'$2a$11$gYbkGd7WZ9phczVALeYXquC7TZA8KBKRJipVAsiKtAlPJ9j/S6DUq', 1, NULL, NULL, NULL, NULL)\r\n","INSERT [dbo].[Users] ([id], [role_id], [membership_id], [full_name], [email], [phone], [password_hash], [status], [avatar_url], [created_at], [date_of_birth], [address]) VALUES (8, 3, NULL, N'khanh', N'duongduykhanh06072005@gmail.com', NULL, N'$2a$11$hFOrXa3SbsqvK2TkX7s3EuoFfz46S50vQ26EFIy1tSqZ5O6GY2/32', 1, NULL, NULL, NULL, NULL)\r\n","INSERT [dbo].[Users] ([id], [role_id], [membership_id], [full_name], [email], [phone], [password_hash], [status], [avatar_url], [created_at], [date_of_birth], [address]) VALUES (9, 1, NULL, N'nvhoai', N'hoai13102005@gmail.com', NULL, N'$2a$11$yODZt5owG1N/UgKyzl1t0O.gU7RQIMtLAdbfh8pS0Oka7nQHDO5EK', 1, NULL, NULL, NULL, NULL)\r\n","SET IDENTITY_INSERT [dbo].[Users] OFF\r\n","GO\r\n"],"metadata":{"urn":"Server[@Name='Hoaideeptry']/Database[@Name='HotelManagementDB']/Table[@Name='Users' and @Schema='dbo']","object_type":"Table"}},{"cell_type":"markdown","source":["# [dbo].[Vouchers]"],"metadata":{"urn":"Server[@Name='Hoaideeptry']/Database[@Name='HotelManagementDB']/Table[@Name='Vouchers' and @Schema='dbo']","object_type":"Table"}},{"outputs":[],"execution_count":0,"cell_type":"code","source":["SET IDENTITY_INSERT [dbo].[Vouchers] ON \r\n","INSERT [dbo].[Vouchers] ([id], [code], [discount_type], [discount_value], [min_booking_value], [valid_from], [valid_to], [usage_limit]) VALUES (2, N'HOAIDEEPTRY', N'PERCENT', CAST(10.00 AS Decimal(18, 2)), CAST(0.00 AS Decimal(18, 2)), NULL, NULL, NULL)\r\n","SET IDENTITY_INSERT [dbo].[Vouchers] OFF\r\n","GO\r\n"],"metadata":{"urn":"Server[@Name='Hoaideeptry']/Database[@Name='HotelManagementDB']/Table[@Name='Vouchers' and @Schema='dbo']","object_type":"Table"}},{"cell_type":"markdown","source":["# [UQ__Articles__32DD1E4C63CCB341]"],"metadata":{"urn":"Server[@Name='Hoaideeptry']/Database[@Name='HotelManagementDB']/Table[@Name='Articles' and @Schema='dbo']/Index[@Name='UQ__Articles__32DD1E4C63CCB341']","object_type":"Index"}},{"outputs":[],"execution_count":0,"cell_type":"code","source":["SET ANSI_PADDING ON\r\nGO\r\n","/****** Object:  Index [UQ__Articles__32DD1E4C63CCB341]    Script Date: 4/6/2026 11:24:33 PM ******/\r\nALTER TABLE [dbo].[Articles] ADD UNIQUE NONCLUSTERED \r\n(\r\n\t[slug] ASC\r\n)WITH (PAD_INDEX = OFF, STATISTICS_NORECOMPUTE = OFF, SORT_IN_TEMPDB = OFF, IGNORE_DUP_KEY = OFF, ONLINE = OFF, ALLOW_ROW_LOCKS = ON, ALLOW_PAGE_LOCKS = ON, OPTIMIZE_FOR_SEQUENTIAL_KEY = OFF) ON [PRIMARY]\r\n","GO\r\n"],"metadata":{"urn":"Server[@Name='Hoaideeptry']/Database[@Name='HotelManagementDB']/Table[@Name='Articles' and @Schema='dbo']/Index[@Name='UQ__Articles__32DD1E4C63CCB341']","object_type":"Index"}},{"cell_type":"markdown","source":["# [UQ__Bookings__FF29040F305D7A0B]"],"metadata":{"urn":"Server[@Name='Hoaideeptry']/Database[@Name='HotelManagementDB']/Table[@Name='Bookings' and @Schema='dbo']/Index[@Name='UQ__Bookings__FF29040F305D7A0B']","object_type":"Index"}},{"outputs":[],"execution_count":0,"cell_type":"code","source":["SET ANSI_PADDING ON\r\nGO\r\n","/****** Object:  Index [UQ__Bookings__FF29040F305D7A0B]    Script Date: 4/6/2026 11:24:33 PM ******/\r\nALTER TABLE [dbo].[Bookings] ADD UNIQUE NONCLUSTERED \r\n(\r\n\t[booking_code] ASC\r\n)WITH (PAD_INDEX = OFF, STATISTICS_NORECOMPUTE = OFF, SORT_IN_TEMPDB = OFF, IGNORE_DUP_KEY = OFF, ONLINE = OFF, ALLOW_ROW_LOCKS = ON, ALLOW_PAGE_LOCKS = ON, OPTIMIZE_FOR_SEQUENTIAL_KEY = OFF) ON [PRIMARY]\r\n","GO\r\n"],"metadata":{"urn":"Server[@Name='Hoaideeptry']/Database[@Name='HotelManagementDB']/Table[@Name='Bookings' and @Schema='dbo']/Index[@Name='UQ__Bookings__FF29040F305D7A0B']","object_type":"Index"}},{"cell_type":"markdown","source":["# [UQ__Equipmen__3ECC0FEA1A71000B]"],"metadata":{"urn":"Server[@Name='Hoaideeptry']/Database[@Name='HotelManagementDB']/Table[@Name='Equipments' and @Schema='dbo']/Index[@Name='UQ__Equipmen__3ECC0FEA1A71000B']","object_type":"Index"}},{"outputs":[],"execution_count":0,"cell_type":"code","source":["SET ANSI_PADDING ON\r\nGO\r\n","/****** Object:  Index [UQ__Equipmen__3ECC0FEA1A71000B]    Script Date: 4/6/2026 11:24:33 PM ******/\r\nALTER TABLE [dbo].[Equipments] ADD UNIQUE NONCLUSTERED \r\n(\r\n\t[ItemCode] ASC\r\n)WITH (PAD_INDEX = OFF, STATISTICS_NORECOMPUTE = OFF, SORT_IN_TEMPDB = OFF, IGNORE_DUP_KEY = OFF, ONLINE = OFF, ALLOW_ROW_LOCKS = ON, ALLOW_PAGE_LOCKS = ON, OPTIMIZE_FOR_SEQUENTIAL_KEY = OFF) ON [PRIMARY]\r\n","GO\r\n"],"metadata":{"urn":"Server[@Name='Hoaideeptry']/Database[@Name='HotelManagementDB']/Table[@Name='Equipments' and @Schema='dbo']/Index[@Name='UQ__Equipmen__3ECC0FEA1A71000B']","object_type":"Index"}},{"cell_type":"markdown","source":["# [IX_Notifications_UserId_IsRead]"],"metadata":{"urn":"Server[@Name='Hoaideeptry']/Database[@Name='HotelManagementDB']/Table[@Name='Notifications' and @Schema='dbo']/Index[@Name='IX_Notifications_UserId_IsRead']","object_type":"Index"}},{"outputs":[],"execution_count":0,"cell_type":"code","source":["/****** Object:  Index [IX_Notifications_UserId_IsRead]    Script Date: 4/6/2026 11:24:33 PM ******/\r\nCREATE NONCLUSTERED INDEX [IX_Notifications_UserId_IsRead] ON [dbo].[Notifications]\r\n(\r\n\t[user_id] ASC,\r\n\t[is_read] ASC\r\n)WITH (PAD_INDEX = OFF, STATISTICS_NORECOMPUTE = OFF, SORT_IN_TEMPDB = OFF, DROP_EXISTING = OFF, ONLINE = OFF, ALLOW_ROW_LOCKS = ON, ALLOW_PAGE_LOCKS = ON, OPTIMIZE_FOR_SEQUENTIAL_KEY = OFF) ON [PRIMARY]\r\n","GO\r\n"],"metadata":{"urn":"Server[@Name='Hoaideeptry']/Database[@Name='HotelManagementDB']/Table[@Name='Notifications' and @Schema='dbo']/Index[@Name='IX_Notifications_UserId_IsRead']","object_type":"Index"}},{"cell_type":"markdown","source":["# [UQ__Users__AB6E61648BAC79F4]"],"metadata":{"urn":"Server[@Name='Hoaideeptry']/Database[@Name='HotelManagementDB']/Table[@Name='Users' and @Schema='dbo']/Index[@Name='UQ__Users__AB6E61648BAC79F4']","object_type":"Index"}},{"outputs":[],"execution_count":0,"cell_type":"code","source":["SET ANSI_PADDING ON\r\nGO\r\n","/****** Object:  Index [UQ__Users__AB6E61648BAC79F4]    Script Date: 4/6/2026 11:24:33 PM ******/\r\nALTER TABLE [dbo].[Users] ADD UNIQUE NONCLUSTERED \r\n(\r\n\t[email] ASC\r\n)WITH (PAD_INDEX = OFF, STATISTICS_NORECOMPUTE = OFF, SORT_IN_TEMPDB = OFF, IGNORE_DUP_KEY = OFF, ONLINE = OFF, ALLOW_ROW_LOCKS = ON, ALLOW_PAGE_LOCKS = ON, OPTIMIZE_FOR_SEQUENTIAL_KEY = OFF) ON [PRIMARY]\r\n","GO\r\n"],"metadata":{"urn":"Server[@Name='Hoaideeptry']/Database[@Name='HotelManagementDB']/Table[@Name='Users' and @Schema='dbo']/Index[@Name='UQ__Users__AB6E61648BAC79F4']","object_type":"Index"}},{"cell_type":"markdown","source":["# [UQ__Vouchers__357D4CF913989E39]"],"metadata":{"urn":"Server[@Name='Hoaideeptry']/Database[@Name='HotelManagementDB']/Table[@Name='Vouchers' and @Schema='dbo']/Index[@Name='UQ__Vouchers__357D4CF913989E39']","object_type":"Index"}},{"outputs":[],"execution_count":0,"cell_type":"code","source":["SET ANSI_PADDING ON\r\nGO\r\n","/****** Object:  Index [UQ__Vouchers__357D4CF913989E39]    Script Date: 4/6/2026 11:24:33 PM ******/\r\nALTER TABLE [dbo].[Vouchers] ADD UNIQUE NONCLUSTERED \r\n(\r\n\t[code] ASC\r\n)WITH (PAD_INDEX = OFF, STATISTICS_NORECOMPUTE = OFF, SORT_IN_TEMPDB = OFF, IGNORE_DUP_KEY = OFF, ONLINE = OFF, ALLOW_ROW_LOCKS = ON, ALLOW_PAGE_LOCKS = ON, OPTIMIZE_FOR_SEQUENTIAL_KEY = OFF) ON [PRIMARY]\r\n","GO\r\n"],"metadata":{"urn":"Server[@Name='Hoaideeptry']/Database[@Name='HotelManagementDB']/Table[@Name='Vouchers' and @Schema='dbo']/Index[@Name='UQ__Vouchers__357D4CF913989E39']","object_type":"Index"}},{"cell_type":"markdown","source":["# [DF__Amenities__is_ac__37A5467C]"],"metadata":{"urn":"Server[@Name='Hoaideeptry']/Database[@Name='HotelManagementDB']/Table[@Name='Amenities' and @Schema='dbo']/Column[@Name='is_active']/Default[@Name='DF__Amenities__is_ac__37A5467C']","object_type":"Default"}},{"outputs":[],"execution_count":0,"cell_type":"code","source":["ALTER TABLE [dbo].[Amenities] ADD  DEFAULT ((1)) FOR [is_active]\r\n","GO\r\n"],"metadata":{"urn":"Server[@Name='Hoaideeptry']/Database[@Name='HotelManagementDB']/Table[@Name='Amenities' and @Schema='dbo']/Column[@Name='is_active']/Default[@Name='DF__Amenities__is_ac__37A5467C']","object_type":"Default"}},{"cell_type":"markdown","source":["# [DF__Article_C__is_ac__3A81B327]"],"metadata":{"urn":"Server[@Name='Hoaideeptry']/Database[@Name='HotelManagementDB']/Table[@Name='Article_Categories' and @Schema='dbo']/Column[@Name='is_active']/Default[@Name='DF__Article_C__is_ac__3A81B327']","object_type":"Default"}},{"outputs":[],"execution_count":0,"cell_type":"code","source":["ALTER TABLE [dbo].[Article_Categories] ADD  DEFAULT ((1)) FOR [is_active]\r\n","GO\r\n"],"metadata":{"urn":"Server[@Name='Hoaideeptry']/Database[@Name='HotelManagementDB']/Table[@Name='Article_Categories' and @Schema='dbo']/Column[@Name='is_active']/Default[@Name='DF__Article_C__is_ac__3A81B327']","object_type":"Default"}},{"cell_type":"markdown","source":["# [DF__Articles__publis__3E52440B]"],"metadata":{"urn":"Server[@Name='Hoaideeptry']/Database[@Name='HotelManagementDB']/Table[@Name='Articles' and @Schema='dbo']/Column[@Name='published_at']/Default[@Name='DF__Articles__publis__3E52440B']","object_type":"Default"}},{"outputs":[],"execution_count":0,"cell_type":"code","source":["ALTER TABLE [dbo].[Articles] ADD  DEFAULT (getdate()) FOR [published_at]\r\n","GO\r\n"],"metadata":{"urn":"Server[@Name='Hoaideeptry']/Database[@Name='HotelManagementDB']/Table[@Name='Articles' and @Schema='dbo']/Column[@Name='published_at']/Default[@Name='DF__Articles__publis__3E52440B']","object_type":"Default"}},{"cell_type":"markdown","source":["# [DF__Articles__is_act__3F466844]"],"metadata":{"urn":"Server[@Name='Hoaideeptry']/Database[@Name='HotelManagementDB']/Table[@Name='Articles' and @Schema='dbo']/Column[@Name='is_active']/Default[@Name='DF__Articles__is_act__3F466844']","object_type":"Default"}},{"outputs":[],"execution_count":0,"cell_type":"code","source":["ALTER TABLE [dbo].[Articles] ADD  DEFAULT ((1)) FOR [is_active]\r\n","GO\r\n"],"metadata":{"urn":"Server[@Name='Hoaideeptry']/Database[@Name='HotelManagementDB']/Table[@Name='Articles' and @Schema='dbo']/Column[@Name='is_active']/Default[@Name='DF__Articles__is_act__3F466844']","object_type":"Default"}},{"cell_type":"markdown","source":["# [DF__Attractio__is_ac__4222D4EF]"],"metadata":{"urn":"Server[@Name='Hoaideeptry']/Database[@Name='HotelManagementDB']/Table[@Name='Attractions' and @Schema='dbo']/Column[@Name='is_active']/Default[@Name='DF__Attractio__is_ac__4222D4EF']","object_type":"Default"}},{"outputs":[],"execution_count":0,"cell_type":"code","source":["ALTER TABLE [dbo].[Attractions] ADD  DEFAULT ((1)) FOR [is_active]\r\n","GO\r\n"],"metadata":{"urn":"Server[@Name='Hoaideeptry']/Database[@Name='HotelManagementDB']/Table[@Name='Attractions' and @Schema='dbo']/Column[@Name='is_active']/Default[@Name='DF__Attractio__is_ac__4222D4EF']","object_type":"Default"}},{"cell_type":"markdown","source":["# [DF__Audit_Log__creat__44FF419A]"],"metadata":{"urn":"Server[@Name='Hoaideeptry']/Database[@Name='HotelManagementDB']/Table[@Name='Audit_Logs' and @Schema='dbo']/Column[@Name='created_at']/Default[@Name='DF__Audit_Log__creat__44FF419A']","object_type":"Default"}},{"outputs":[],"execution_count":0,"cell_type":"code","source":["ALTER TABLE [dbo].[Audit_Logs] ADD  DEFAULT (getdate()) FOR [created_at]\r\n","GO\r\n"],"metadata":{"urn":"Server[@Name='Hoaideeptry']/Database[@Name='HotelManagementDB']/Table[@Name='Audit_Logs' and @Schema='dbo']/Column[@Name='created_at']/Default[@Name='DF__Audit_Log__creat__44FF419A']","object_type":"Default"}},{"cell_type":"markdown","source":["# [DF__Bookings__status__4AB81AF0]"],"metadata":{"urn":"Server[@Name='Hoaideeptry']/Database[@Name='HotelManagementDB']/Table[@Name='Bookings' and @Schema='dbo']/Column[@Name='status']/Default[@Name='DF__Bookings__status__4AB81AF0']","object_type":"Default"}},{"outputs":[],"execution_count":0,"cell_type":"code","source":["ALTER TABLE [dbo].[Bookings] ADD  DEFAULT ('Pending') FOR [status]\r\n","GO\r\n"],"metadata":{"urn":"Server[@Name='Hoaideeptry']/Database[@Name='HotelManagementDB']/Table[@Name='Bookings' and @Schema='dbo']/Column[@Name='status']/Default[@Name='DF__Bookings__status__4AB81AF0']","object_type":"Default"}},{"cell_type":"markdown","source":["# [DF__Equipment__Total__4E88ABD4]"],"metadata":{"urn":"Server[@Name='Hoaideeptry']/Database[@Name='HotelManagementDB']/Table[@Name='Equipments' and @Schema='dbo']/Column[@Name='TotalQuantity']/Default[@Name='DF__Equipment__Total__4E88ABD4']","object_type":"Default"}},{"outputs":[],"execution_count":0,"cell_type":"code","source":["ALTER TABLE [dbo].[Equipments] ADD  DEFAULT ((0)) FOR [TotalQuantity]\r\n","GO\r\n"],"metadata":{"urn":"Server[@Name='Hoaideeptry']/Database[@Name='HotelManagementDB']/Table[@Name='Equipments' and @Schema='dbo']/Column[@Name='TotalQuantity']/Default[@Name='DF__Equipment__Total__4E88ABD4']","object_type":"Default"}},{"cell_type":"markdown","source":["# [DF__Equipment__InUse__4F7CD00D]"],"metadata":{"urn":"Server[@Name='Hoaideeptry']/Database[@Name='HotelManagementDB']/Table[@Name='Equipments' and @Schema='dbo']/Column[@Name='InUseQuantity']/Default[@Name='DF__Equipment__InUse__4F7CD00D']","object_type":"Default"}},{"outputs":[],"execution_count":0,"cell_type":"code","source":["ALTER TABLE [dbo].[Equipments] ADD  DEFAULT ((0)) FOR [InUseQuantity]\r\n","GO\r\n"],"metadata":{"urn":"Server[@Name='Hoaideeptry']/Database[@Name='HotelManagementDB']/Table[@Name='Equipments' and @Schema='dbo']/Column[@Name='InUseQuantity']/Default[@Name='DF__Equipment__InUse__4F7CD00D']","object_type":"Default"}},{"cell_type":"markdown","source":["# [DF__Equipment__Damag__5070F446]"],"metadata":{"urn":"Server[@Name='Hoaideeptry']/Database[@Name='HotelManagementDB']/Table[@Name='Equipments' and @Schema='dbo']/Column[@Name='DamagedQuantity']/Default[@Name='DF__Equipment__Damag__5070F446']","object_type":"Default"}},{"outputs":[],"execution_count":0,"cell_type":"code","source":["ALTER TABLE [dbo].[Equipments] ADD  DEFAULT ((0)) FOR [DamagedQuantity]\r\n","GO\r\n"],"metadata":{"urn":"Server[@Name='Hoaideeptry']/Database[@Name='HotelManagementDB']/Table[@Name='Equipments' and @Schema='dbo']/Column[@Name='DamagedQuantity']/Default[@Name='DF__Equipment__Damag__5070F446']","object_type":"Default"}},{"cell_type":"markdown","source":["# [DF__Equipment__Liqui__5165187F]"],"metadata":{"urn":"Server[@Name='Hoaideeptry']/Database[@Name='HotelManagementDB']/Table[@Name='Equipments' and @Schema='dbo']/Column[@Name='LiquidatedQuantity']/Default[@Name='DF__Equipment__Liqui__5165187F']","object_type":"Default"}},{"outputs":[],"execution_count":0,"cell_type":"code","source":["ALTER TABLE [dbo].[Equipments] ADD  DEFAULT ((0)) FOR [LiquidatedQuantity]\r\n","GO\r\n"],"metadata":{"urn":"Server[@Name='Hoaideeptry']/Database[@Name='HotelManagementDB']/Table[@Name='Equipments' and @Schema='dbo']/Column[@Name='LiquidatedQuantity']/Default[@Name='DF__Equipment__Liqui__5165187F']","object_type":"Default"}},{"cell_type":"markdown","source":["# [DF__Equipment__BaseP__52593CB8]"],"metadata":{"urn":"Server[@Name='Hoaideeptry']/Database[@Name='HotelManagementDB']/Table[@Name='Equipments' and @Schema='dbo']/Column[@Name='BasePrice']/Default[@Name='DF__Equipment__BaseP__52593CB8']","object_type":"Default"}},{"outputs":[],"execution_count":0,"cell_type":"code","source":["ALTER TABLE [dbo].[Equipments] ADD  DEFAULT ((0)) FOR [BasePrice]\r\n","GO\r\n"],"metadata":{"urn":"Server[@Name='Hoaideeptry']/Database[@Name='HotelManagementDB']/Table[@Name='Equipments' and @Schema='dbo']/Column[@Name='BasePrice']/Default[@Name='DF__Equipment__BaseP__52593CB8']","object_type":"Default"}},{"cell_type":"markdown","source":["# [DF__Equipment__Defau__534D60F1]"],"metadata":{"urn":"Server[@Name='Hoaideeptry']/Database[@Name='HotelManagementDB']/Table[@Name='Equipments' and @Schema='dbo']/Column[@Name='DefaultPriceIfLost']/Default[@Name='DF__Equipment__Defau__534D60F1']","object_type":"Default"}},{"outputs":[],"execution_count":0,"cell_type":"code","source":["ALTER TABLE [dbo].[Equipments] ADD  DEFAULT ((0)) FOR [DefaultPriceIfLost]\r\n","GO\r\n"],"metadata":{"urn":"Server[@Name='Hoaideeptry']/Database[@Name='HotelManagementDB']/Table[@Name='Equipments' and @Schema='dbo']/Column[@Name='DefaultPriceIfLost']/Default[@Name='DF__Equipment__Defau__534D60F1']","object_type":"Default"}},{"cell_type":"markdown","source":["# [DF__Equipment__IsAct__5441852A]"],"metadata":{"urn":"Server[@Name='Hoaideeptry']/Database[@Name='HotelManagementDB']/Table[@Name='Equipments' and @Schema='dbo']/Column[@Name='IsActive']/Default[@Name='DF__Equipment__IsAct__5441852A']","object_type":"Default"}},{"outputs":[],"execution_count":0,"cell_type":"code","source":["ALTER TABLE [dbo].[Equipments] ADD  DEFAULT ((1)) FOR [IsActive]\r\n","GO\r\n"],"metadata":{"urn":"Server[@Name='Hoaideeptry']/Database[@Name='HotelManagementDB']/Table[@Name='Equipments' and @Schema='dbo']/Column[@Name='IsActive']/Default[@Name='DF__Equipment__IsAct__5441852A']","object_type":"Default"}},{"cell_type":"markdown","source":["# [DF__Equipment__Creat__5535A963]"],"metadata":{"urn":"Server[@Name='Hoaideeptry']/Database[@Name='HotelManagementDB']/Table[@Name='Equipments' and @Schema='dbo']/Column[@Name='CreatedAt']/Default[@Name='DF__Equipment__Creat__5535A963']","object_type":"Default"}},{"outputs":[],"execution_count":0,"cell_type":"code","source":["ALTER TABLE [dbo].[Equipments] ADD  DEFAULT (getutcdate()) FOR [CreatedAt]\r\n","GO\r\n"],"metadata":{"urn":"Server[@Name='Hoaideeptry']/Database[@Name='HotelManagementDB']/Table[@Name='Equipments' and @Schema='dbo']/Column[@Name='CreatedAt']/Default[@Name='DF__Equipment__Creat__5535A963']","object_type":"Default"}},{"cell_type":"markdown","source":["# [DF__Invoices__total___5812160E]"],"metadata":{"urn":"Server[@Name='Hoaideeptry']/Database[@Name='HotelManagementDB']/Table[@Name='Invoices' and @Schema='dbo']/Column[@Name='total_room_amount']/Default[@Name='DF__Invoices__total___5812160E']","object_type":"Default"}},{"outputs":[],"execution_count":0,"cell_type":"code","source":["ALTER TABLE [dbo].[Invoices] ADD  DEFAULT ((0)) FOR [total_room_amount]\r\n","GO\r\n"],"metadata":{"urn":"Server[@Name='Hoaideeptry']/Database[@Name='HotelManagementDB']/Table[@Name='Invoices' and @Schema='dbo']/Column[@Name='total_room_amount']/Default[@Name='DF__Invoices__total___5812160E']","object_type":"Default"}},{"cell_type":"markdown","source":["# [DF__Invoices__total___59063A47]"],"metadata":{"urn":"Server[@Name='Hoaideeptry']/Database[@Name='HotelManagementDB']/Table[@Name='Invoices' and @Schema='dbo']/Column[@Name='total_service_amount']/Default[@Name='DF__Invoices__total___59063A47']","object_type":"Default"}},{"outputs":[],"execution_count":0,"cell_type":"code","source":["ALTER TABLE [dbo].[Invoices] ADD  DEFAULT ((0)) FOR [total_service_amount]\r\n","GO\r\n"],"metadata":{"urn":"Server[@Name='Hoaideeptry']/Database[@Name='HotelManagementDB']/Table[@Name='Invoices' and @Schema='dbo']/Column[@Name='total_service_amount']/Default[@Name='DF__Invoices__total___59063A47']","object_type":"Default"}},{"cell_type":"markdown","source":["# [DF__Invoices__discou__59FA5E80]"],"metadata":{"urn":"Server[@Name='Hoaideeptry']/Database[@Name='HotelManagementDB']/Table[@Name='Invoices' and @Schema='dbo']/Column[@Name='discount_amount']/Default[@Name='DF__Invoices__discou__59FA5E80']","object_type":"Default"}},{"outputs":[],"execution_count":0,"cell_type":"code","source":["ALTER TABLE [dbo].[Invoices] ADD  DEFAULT ((0)) FOR [discount_amount]\r\n","GO\r\n"],"metadata":{"urn":"Server[@Name='Hoaideeptry']/Database[@Name='HotelManagementDB']/Table[@Name='Invoices' and @Schema='dbo']/Column[@Name='discount_amount']/Default[@Name='DF__Invoices__discou__59FA5E80']","object_type":"Default"}},{"cell_type":"markdown","source":["# [DF__Invoices__tax_am__5AEE82B9]"],"metadata":{"urn":"Server[@Name='Hoaideeptry']/Database[@Name='HotelManagementDB']/Table[@Name='Invoices' and @Schema='dbo']/Column[@Name='tax_amount']/Default[@Name='DF__Invoices__tax_am__5AEE82B9']","object_type":"Default"}},{"outputs":[],"execution_count":0,"cell_type":"code","source":["ALTER TABLE [dbo].[Invoices] ADD  DEFAULT ((0)) FOR [tax_amount]\r\n","GO\r\n"],"metadata":{"urn":"Server[@Name='Hoaideeptry']/Database[@Name='HotelManagementDB']/Table[@Name='Invoices' and @Schema='dbo']/Column[@Name='tax_amount']/Default[@Name='DF__Invoices__tax_am__5AEE82B9']","object_type":"Default"}},{"cell_type":"markdown","source":["# [DF__Invoices__final___5BE2A6F2]"],"metadata":{"urn":"Server[@Name='Hoaideeptry']/Database[@Name='HotelManagementDB']/Table[@Name='Invoices' and @Schema='dbo']/Column[@Name='final_total']/Default[@Name='DF__Invoices__final___5BE2A6F2']","object_type":"Default"}},{"outputs":[],"execution_count":0,"cell_type":"code","source":["ALTER TABLE [dbo].[Invoices] ADD  DEFAULT ((0)) FOR [final_total]\r\n","GO\r\n"],"metadata":{"urn":"Server[@Name='Hoaideeptry']/Database[@Name='HotelManagementDB']/Table[@Name='Invoices' and @Schema='dbo']/Column[@Name='final_total']/Default[@Name='DF__Invoices__final___5BE2A6F2']","object_type":"Default"}},{"cell_type":"markdown","source":["# [DF__Invoices__status__5CD6CB2B]"],"metadata":{"urn":"Server[@Name='Hoaideeptry']/Database[@Name='HotelManagementDB']/Table[@Name='Invoices' and @Schema='dbo']/Column[@Name='status']/Default[@Name='DF__Invoices__status__5CD6CB2B']","object_type":"Default"}},{"outputs":[],"execution_count":0,"cell_type":"code","source":["ALTER TABLE [dbo].[Invoices] ADD  DEFAULT ('Unpaid') FOR [status]\r\n","GO\r\n"],"metadata":{"urn":"Server[@Name='Hoaideeptry']/Database[@Name='HotelManagementDB']/Table[@Name='Invoices' and @Schema='dbo']/Column[@Name='status']/Default[@Name='DF__Invoices__status__5CD6CB2B']","object_type":"Default"}},{"cell_type":"markdown","source":["# [DF__Loss_And___creat__5FB337D6]"],"metadata":{"urn":"Server[@Name='Hoaideeptry']/Database[@Name='HotelManagementDB']/Table[@Name='Loss_And_Damages' and @Schema='dbo']/Column[@Name='created_at']/Default[@Name='DF__Loss_And___creat__5FB337D6']","object_type":"Default"}},{"outputs":[],"execution_count":0,"cell_type":"code","source":["ALTER TABLE [dbo].[Loss_And_Damages] ADD  DEFAULT (getdate()) FOR [created_at]\r\n","GO\r\n"],"metadata":{"urn":"Server[@Name='Hoaideeptry']/Database[@Name='HotelManagementDB']/Table[@Name='Loss_And_Damages' and @Schema='dbo']/Column[@Name='created_at']/Default[@Name='DF__Loss_And___creat__5FB337D6']","object_type":"Default"}},{"cell_type":"markdown","source":["# [DF__Loss_And___Statu__3A4CA8FD]"],"metadata":{"urn":"Server[@Name='Hoaideeptry']/Database[@Name='HotelManagementDB']/Table[@Name='Loss_And_Damages' and @Schema='dbo']/Column[@Name='Status']/Default[@Name='DF__Loss_And___Statu__3A4CA8FD']","object_type":"Default"}},{"outputs":[],"execution_count":0,"cell_type":"code","source":["ALTER TABLE [dbo].[Loss_And_Damages] ADD  DEFAULT ((0)) FOR [Status]\r\n","GO\r\n"],"metadata":{"urn":"Server[@Name='Hoaideeptry']/Database[@Name='HotelManagementDB']/Table[@Name='Loss_And_Damages' and @Schema='dbo']/Column[@Name='Status']/Default[@Name='DF__Loss_And___Statu__3A4CA8FD']","object_type":"Default"}},{"cell_type":"markdown","source":["# [DF__Membershi__min_p__628FA481]"],"metadata":{"urn":"Server[@Name='Hoaideeptry']/Database[@Name='HotelManagementDB']/Table[@Name='Memberships' and @Schema='dbo']/Column[@Name='min_points']/Default[@Name='DF__Membershi__min_p__628FA481']","object_type":"Default"}},{"outputs":[],"execution_count":0,"cell_type":"code","source":["ALTER TABLE [dbo].[Memberships] ADD  DEFAULT ((0)) FOR [min_points]\r\n","GO\r\n"],"metadata":{"urn":"Server[@Name='Hoaideeptry']/Database[@Name='HotelManagementDB']/Table[@Name='Memberships' and @Schema='dbo']/Column[@Name='min_points']/Default[@Name='DF__Membershi__min_p__628FA481']","object_type":"Default"}},{"cell_type":"markdown","source":["# [DF__Membershi__disco__6383C8BA]"],"metadata":{"urn":"Server[@Name='Hoaideeptry']/Database[@Name='HotelManagementDB']/Table[@Name='Memberships' and @Schema='dbo']/Column[@Name='discount_percent']/Default[@Name='DF__Membershi__disco__6383C8BA']","object_type":"Default"}},{"outputs":[],"execution_count":0,"cell_type":"code","source":["ALTER TABLE [dbo].[Memberships] ADD  DEFAULT ((0.00)) FOR [discount_percent]\r\n","GO\r\n"],"metadata":{"urn":"Server[@Name='Hoaideeptry']/Database[@Name='HotelManagementDB']/Table[@Name='Memberships' and @Schema='dbo']/Column[@Name='discount_percent']/Default[@Name='DF__Membershi__disco__6383C8BA']","object_type":"Default"}},{"cell_type":"markdown","source":["# [DF__Notificat__is_re__66603565]"],"metadata":{"urn":"Server[@Name='Hoaideeptry']/Database[@Name='HotelManagementDB']/Table[@Name='Notifications' and @Schema='dbo']/Column[@Name='is_read']/Default[@Name='DF__Notificat__is_re__66603565']","object_type":"Default"}},{"outputs":[],"execution_count":0,"cell_type":"code","source":["ALTER TABLE [dbo].[Notifications] ADD  DEFAULT ((0)) FOR [is_read]\r\n","GO\r\n"],"metadata":{"urn":"Server[@Name='Hoaideeptry']/Database[@Name='HotelManagementDB']/Table[@Name='Notifications' and @Schema='dbo']/Column[@Name='is_read']/Default[@Name='DF__Notificat__is_re__66603565']","object_type":"Default"}},{"cell_type":"markdown","source":["# [DF__Notificat__creat__6754599E]"],"metadata":{"urn":"Server[@Name='Hoaideeptry']/Database[@Name='HotelManagementDB']/Table[@Name='Notifications' and @Schema='dbo']/Column[@Name='created_at']/Default[@Name='DF__Notificat__creat__6754599E']","object_type":"Default"}},{"outputs":[],"execution_count":0,"cell_type":"code","source":["ALTER TABLE [dbo].[Notifications] ADD  DEFAULT (getdate()) FOR [created_at]\r\n","GO\r\n"],"metadata":{"urn":"Server[@Name='Hoaideeptry']/Database[@Name='HotelManagementDB']/Table[@Name='Notifications' and @Schema='dbo']/Column[@Name='created_at']/Default[@Name='DF__Notificat__creat__6754599E']","object_type":"Default"}},{"cell_type":"markdown","source":["# [DF__Order_Ser__order__6C190EBB]"],"metadata":{"urn":"Server[@Name='Hoaideeptry']/Database[@Name='HotelManagementDB']/Table[@Name='Order_Services' and @Schema='dbo']/Column[@Name='order_date']/Default[@Name='DF__Order_Ser__order__6C190EBB']","object_type":"Default"}},{"outputs":[],"execution_count":0,"cell_type":"code","source":["ALTER TABLE [dbo].[Order_Services] ADD  DEFAULT (getdate()) FOR [order_date]\r\n","GO\r\n"],"metadata":{"urn":"Server[@Name='Hoaideeptry']/Database[@Name='HotelManagementDB']/Table[@Name='Order_Services' and @Schema='dbo']/Column[@Name='order_date']/Default[@Name='DF__Order_Ser__order__6C190EBB']","object_type":"Default"}},{"cell_type":"markdown","source":["# [DF__Order_Ser__total__6D0D32F4]"],"metadata":{"urn":"Server[@Name='Hoaideeptry']/Database[@Name='HotelManagementDB']/Table[@Name='Order_Services' and @Schema='dbo']/Column[@Name='total_amount']/Default[@Name='DF__Order_Ser__total__6D0D32F4']","object_type":"Default"}},{"outputs":[],"execution_count":0,"cell_type":"code","source":["ALTER TABLE [dbo].[Order_Services] ADD  DEFAULT ((0)) FOR [total_amount]\r\n","GO\r\n"],"metadata":{"urn":"Server[@Name='Hoaideeptry']/Database[@Name='HotelManagementDB']/Table[@Name='Order_Services' and @Schema='dbo']/Column[@Name='total_amount']/Default[@Name='DF__Order_Ser__total__6D0D32F4']","object_type":"Default"}},{"cell_type":"markdown","source":["# [DF__Order_Ser__statu__6E01572D]"],"metadata":{"urn":"Server[@Name='Hoaideeptry']/Database[@Name='HotelManagementDB']/Table[@Name='Order_Services' and @Schema='dbo']/Column[@Name='status']/Default[@Name='DF__Order_Ser__statu__6E01572D']","object_type":"Default"}},{"outputs":[],"execution_count":0,"cell_type":"code","source":["ALTER TABLE [dbo].[Order_Services] ADD  DEFAULT ('Pending') FOR [status]\r\n","GO\r\n"],"metadata":{"urn":"Server[@Name='Hoaideeptry']/Database[@Name='HotelManagementDB']/Table[@Name='Order_Services' and @Schema='dbo']/Column[@Name='status']/Default[@Name='DF__Order_Ser__statu__6E01572D']","object_type":"Default"}},{"cell_type":"markdown","source":["# [DF__Payments__paymen__70DDC3D8]"],"metadata":{"urn":"Server[@Name='Hoaideeptry']/Database[@Name='HotelManagementDB']/Table[@Name='Payments' and @Schema='dbo']/Column[@Name='payment_date']/Default[@Name='DF__Payments__paymen__70DDC3D8']","object_type":"Default"}},{"outputs":[],"execution_count":0,"cell_type":"code","source":["ALTER TABLE [dbo].[Payments] ADD  DEFAULT (getdate()) FOR [payment_date]\r\n","GO\r\n"],"metadata":{"urn":"Server[@Name='Hoaideeptry']/Database[@Name='HotelManagementDB']/Table[@Name='Payments' and @Schema='dbo']/Column[@Name='payment_date']/Default[@Name='DF__Payments__paymen__70DDC3D8']","object_type":"Default"}},{"cell_type":"markdown","source":["# [DF__Reviews__created__76969D2E]"],"metadata":{"urn":"Server[@Name='Hoaideeptry']/Database[@Name='HotelManagementDB']/Table[@Name='Reviews' and @Schema='dbo']/Column[@Name='created_at']/Default[@Name='DF__Reviews__created__76969D2E']","object_type":"Default"}},{"outputs":[],"execution_count":0,"cell_type":"code","source":["ALTER TABLE [dbo].[Reviews] ADD  DEFAULT (getdate()) FOR [created_at]\r\n","GO\r\n"],"metadata":{"urn":"Server[@Name='Hoaideeptry']/Database[@Name='HotelManagementDB']/Table[@Name='Reviews' and @Schema='dbo']/Column[@Name='created_at']/Default[@Name='DF__Reviews__created__76969D2E']","object_type":"Default"}},{"cell_type":"markdown","source":["# [DF__Room_Imag__is_pr__7D439ABD]"],"metadata":{"urn":"Server[@Name='Hoaideeptry']/Database[@Name='HotelManagementDB']/Table[@Name='Room_Images' and @Schema='dbo']/Column[@Name='is_primary']/Default[@Name='DF__Room_Imag__is_pr__7D439ABD']","object_type":"Default"}},{"outputs":[],"execution_count":0,"cell_type":"code","source":["ALTER TABLE [dbo].[Room_Images] ADD  DEFAULT ((0)) FOR [is_primary]\r\n","GO\r\n"],"metadata":{"urn":"Server[@Name='Hoaideeptry']/Database[@Name='HotelManagementDB']/Table[@Name='Room_Images' and @Schema='dbo']/Column[@Name='is_primary']/Default[@Name='DF__Room_Imag__is_pr__7D439ABD']","object_type":"Default"}},{"cell_type":"markdown","source":["# [DF__Room_Imag__is_ac__7E37BEF6]"],"metadata":{"urn":"Server[@Name='Hoaideeptry']/Database[@Name='HotelManagementDB']/Table[@Name='Room_Images' and @Schema='dbo']/Column[@Name='is_active']/Default[@Name='DF__Room_Imag__is_ac__7E37BEF6']","object_type":"Default"}},{"outputs":[],"execution_count":0,"cell_type":"code","source":["ALTER TABLE [dbo].[Room_Images] ADD  DEFAULT ((1)) FOR [is_active]\r\n","GO\r\n"],"metadata":{"urn":"Server[@Name='Hoaideeptry']/Database[@Name='HotelManagementDB']/Table[@Name='Room_Images' and @Schema='dbo']/Column[@Name='is_active']/Default[@Name='DF__Room_Imag__is_ac__7E37BEF6']","object_type":"Default"}},{"cell_type":"markdown","source":["# [DF__Room_Inve__quant__01142BA1]"],"metadata":{"urn":"Server[@Name='Hoaideeptry']/Database[@Name='HotelManagementDB']/Table[@Name='Room_Inventory' and @Schema='dbo']/Column[@Name='quantity']/Default[@Name='DF__Room_Inve__quant__01142BA1']","object_type":"Default"}},{"outputs":[],"execution_count":0,"cell_type":"code","source":["ALTER TABLE [dbo].[Room_Inventory] ADD  DEFAULT ((1)) FOR [quantity]\r\n","GO\r\n"],"metadata":{"urn":"Server[@Name='Hoaideeptry']/Database[@Name='HotelManagementDB']/Table[@Name='Room_Inventory' and @Schema='dbo']/Column[@Name='quantity']/Default[@Name='DF__Room_Inve__quant__01142BA1']","object_type":"Default"}},{"cell_type":"markdown","source":["# [DF__Room_Inve__price__02084FDA]"],"metadata":{"urn":"Server[@Name='Hoaideeptry']/Database[@Name='HotelManagementDB']/Table[@Name='Room_Inventory' and @Schema='dbo']/Column[@Name='price_if_lost']/Default[@Name='DF__Room_Inve__price__02084FDA']","object_type":"Default"}},{"outputs":[],"execution_count":0,"cell_type":"code","source":["ALTER TABLE [dbo].[Room_Inventory] ADD  DEFAULT ((0)) FOR [price_if_lost]\r\n","GO\r\n"],"metadata":{"urn":"Server[@Name='Hoaideeptry']/Database[@Name='HotelManagementDB']/Table[@Name='Room_Inventory' and @Schema='dbo']/Column[@Name='price_if_lost']/Default[@Name='DF__Room_Inve__price__02084FDA']","object_type":"Default"}},{"cell_type":"markdown","source":["# [DF__Room_Inve__is_ac__02FC7413]"],"metadata":{"urn":"Server[@Name='Hoaideeptry']/Database[@Name='HotelManagementDB']/Table[@Name='Room_Inventory' and @Schema='dbo']/Column[@Name='is_active']/Default[@Name='DF__Room_Inve__is_ac__02FC7413']","object_type":"Default"}},{"outputs":[],"execution_count":0,"cell_type":"code","source":["ALTER TABLE [dbo].[Room_Inventory] ADD  DEFAULT ((1)) FOR [is_active]\r\n","GO\r\n"],"metadata":{"urn":"Server[@Name='Hoaideeptry']/Database[@Name='HotelManagementDB']/Table[@Name='Room_Inventory' and @Schema='dbo']/Column[@Name='is_active']/Default[@Name='DF__Room_Inve__is_ac__02FC7413']","object_type":"Default"}},{"cell_type":"markdown","source":["# [DF__Room_Inve__item___03F0984C]"],"metadata":{"urn":"Server[@Name='Hoaideeptry']/Database[@Name='HotelManagementDB']/Table[@Name='Room_Inventory' and @Schema='dbo']/Column[@Name='item_type']/Default[@Name='DF__Room_Inve__item___03F0984C']","object_type":"Default"}},{"outputs":[],"execution_count":0,"cell_type":"code","source":["ALTER TABLE [dbo].[Room_Inventory] ADD  DEFAULT ('Asset') FOR [item_type]\r\n","GO\r\n"],"metadata":{"urn":"Server[@Name='Hoaideeptry']/Database[@Name='HotelManagementDB']/Table[@Name='Room_Inventory' and @Schema='dbo']/Column[@Name='item_type']/Default[@Name='DF__Room_Inve__item___03F0984C']","object_type":"Default"}},{"cell_type":"markdown","source":["# [DF__Room_Type__is_ac__06CD04F7]"],"metadata":{"urn":"Server[@Name='Hoaideeptry']/Database[@Name='HotelManagementDB']/Table[@Name='Room_Types' and @Schema='dbo']/Column[@Name='is_active']/Default[@Name='DF__Room_Type__is_ac__06CD04F7']","object_type":"Default"}},{"outputs":[],"execution_count":0,"cell_type":"code","source":["ALTER TABLE [dbo].[Room_Types] ADD  DEFAULT ((1)) FOR [is_active]\r\n","GO\r\n"],"metadata":{"urn":"Server[@Name='Hoaideeptry']/Database[@Name='HotelManagementDB']/Table[@Name='Room_Types' and @Schema='dbo']/Column[@Name='is_active']/Default[@Name='DF__Room_Type__is_ac__06CD04F7']","object_type":"Default"}},{"cell_type":"markdown","source":["# [DF__Rooms__status__09A971A2]"],"metadata":{"urn":"Server[@Name='Hoaideeptry']/Database[@Name='HotelManagementDB']/Table[@Name='Rooms' and @Schema='dbo']/Column[@Name='status']/Default[@Name='DF__Rooms__status__09A971A2']","object_type":"Default"}},{"outputs":[],"execution_count":0,"cell_type":"code","source":["ALTER TABLE [dbo].[Rooms] ADD  DEFAULT ('Available') FOR [status]\r\n","GO\r\n"],"metadata":{"urn":"Server[@Name='Hoaideeptry']/Database[@Name='HotelManagementDB']/Table[@Name='Rooms' and @Schema='dbo']/Column[@Name='status']/Default[@Name='DF__Rooms__status__09A971A2']","object_type":"Default"}},{"cell_type":"markdown","source":["# [DF__Rooms__cleaning___0A9D95DB]"],"metadata":{"urn":"Server[@Name='Hoaideeptry']/Database[@Name='HotelManagementDB']/Table[@Name='Rooms' and @Schema='dbo']/Column[@Name='cleaning_status']/Default[@Name='DF__Rooms__cleaning___0A9D95DB']","object_type":"Default"}},{"outputs":[],"execution_count":0,"cell_type":"code","source":["ALTER TABLE [dbo].[Rooms] ADD  DEFAULT ('Clean') FOR [cleaning_status]\r\n","GO\r\n"],"metadata":{"urn":"Server[@Name='Hoaideeptry']/Database[@Name='HotelManagementDB']/Table[@Name='Rooms' and @Schema='dbo']/Column[@Name='cleaning_status']/Default[@Name='DF__Rooms__cleaning___0A9D95DB']","object_type":"Default"}},{"cell_type":"markdown","source":["# [DF__Users__status__14270015]"],"metadata":{"urn":"Server[@Name='Hoaideeptry']/Database[@Name='HotelManagementDB']/Table[@Name='Users' and @Schema='dbo']/Column[@Name='status']/Default[@Name='DF__Users__status__14270015']","object_type":"Default"}},{"outputs":[],"execution_count":0,"cell_type":"code","source":["ALTER TABLE [dbo].[Users] ADD  DEFAULT ((1)) FOR [status]\r\n","GO\r\n"],"metadata":{"urn":"Server[@Name='Hoaideeptry']/Database[@Name='HotelManagementDB']/Table[@Name='Users' and @Schema='dbo']/Column[@Name='status']/Default[@Name='DF__Users__status__14270015']","object_type":"Default"}},{"cell_type":"markdown","source":["# [DF__Vouchers__min_bo__17F790F9]"],"metadata":{"urn":"Server[@Name='Hoaideeptry']/Database[@Name='HotelManagementDB']/Table[@Name='Vouchers' and @Schema='dbo']/Column[@Name='min_booking_value']/Default[@Name='DF__Vouchers__min_bo__17F790F9']","object_type":"Default"}},{"outputs":[],"execution_count":0,"cell_type":"code","source":["ALTER TABLE [dbo].[Vouchers] ADD  DEFAULT ((0)) FOR [min_booking_value]\r\n","GO\r\n"],"metadata":{"urn":"Server[@Name='Hoaideeptry']/Database[@Name='HotelManagementDB']/Table[@Name='Vouchers' and @Schema='dbo']/Column[@Name='min_booking_value']/Default[@Name='DF__Vouchers__min_bo__17F790F9']","object_type":"Default"}},{"cell_type":"markdown","source":["# [FK__Articles__author__18EBB532]"],"metadata":{"urn":"Server[@Name='Hoaideeptry']/Database[@Name='HotelManagementDB']/Table[@Name='Articles' and @Schema='dbo']/ForeignKey[@Name='FK__Articles__author__18EBB532']","object_type":"ForeignKey"}},{"outputs":[],"execution_count":0,"cell_type":"code","source":["ALTER TABLE [dbo].[Articles]  WITH CHECK ADD FOREIGN KEY([author_id])\r\nREFERENCES [dbo].[Users] ([id])\r\n","GO\r\n"],"metadata":{"urn":"Server[@Name='Hoaideeptry']/Database[@Name='HotelManagementDB']/Table[@Name='Articles' and @Schema='dbo']/ForeignKey[@Name='FK__Articles__author__18EBB532']","object_type":"ForeignKey"}},{"cell_type":"markdown","source":["# [FK__Articles__catego__19DFD96B]"],"metadata":{"urn":"Server[@Name='Hoaideeptry']/Database[@Name='HotelManagementDB']/Table[@Name='Articles' and @Schema='dbo']/ForeignKey[@Name='FK__Articles__catego__19DFD96B']","object_type":"ForeignKey"}},{"outputs":[],"execution_count":0,"cell_type":"code","source":["ALTER TABLE [dbo].[Articles]  WITH CHECK ADD FOREIGN KEY([category_id])\r\nREFERENCES [dbo].[Article_Categories] ([id])\r\n","GO\r\n"],"metadata":{"urn":"Server[@Name='Hoaideeptry']/Database[@Name='HotelManagementDB']/Table[@Name='Articles' and @Schema='dbo']/ForeignKey[@Name='FK__Articles__catego__19DFD96B']","object_type":"ForeignKey"}},{"cell_type":"markdown","source":["# [FK__Audit_Log__user___1AD3FDA4]"],"metadata":{"urn":"Server[@Name='Hoaideeptry']/Database[@Name='HotelManagementDB']/Table[@Name='Audit_Logs' and @Schema='dbo']/ForeignKey[@Name='FK__Audit_Log__user___1AD3FDA4']","object_type":"ForeignKey"}},{"outputs":[],"execution_count":0,"cell_type":"code","source":["ALTER TABLE [dbo].[Audit_Logs]  WITH CHECK ADD FOREIGN KEY([user_id])\r\nREFERENCES [dbo].[Users] ([id])\r\n","GO\r\n"],"metadata":{"urn":"Server[@Name='Hoaideeptry']/Database[@Name='HotelManagementDB']/Table[@Name='Audit_Logs' and @Schema='dbo']/ForeignKey[@Name='FK__Audit_Log__user___1AD3FDA4']","object_type":"ForeignKey"}},{"cell_type":"markdown","source":["# [FK__Booking_D__booki__1BC821DD]"],"metadata":{"urn":"Server[@Name='Hoaideeptry']/Database[@Name='HotelManagementDB']/Table[@Name='Booking_Details' and @Schema='dbo']/ForeignKey[@Name='FK__Booking_D__booki__1BC821DD']","object_type":"ForeignKey"}},{"outputs":[],"execution_count":0,"cell_type":"code","source":["ALTER TABLE [dbo].[Booking_Details]  WITH CHECK ADD FOREIGN KEY([booking_id])\r\nREFERENCES [dbo].[Bookings] ([id])\r\n","GO\r\n"],"metadata":{"urn":"Server[@Name='Hoaideeptry']/Database[@Name='HotelManagementDB']/Table[@Name='Booking_Details' and @Schema='dbo']/ForeignKey[@Name='FK__Booking_D__booki__1BC821DD']","object_type":"ForeignKey"}},{"cell_type":"markdown","source":["# [FK__Booking_D__room___1CBC4616]"],"metadata":{"urn":"Server[@Name='Hoaideeptry']/Database[@Name='HotelManagementDB']/Table[@Name='Booking_Details' and @Schema='dbo']/ForeignKey[@Name='FK__Booking_D__room___1CBC4616']","object_type":"ForeignKey"}},{"outputs":[],"execution_count":0,"cell_type":"code","source":["ALTER TABLE [dbo].[Booking_Details]  WITH CHECK ADD FOREIGN KEY([room_id])\r\nREFERENCES [dbo].[Rooms] ([id])\r\n","GO\r\n"],"metadata":{"urn":"Server[@Name='Hoaideeptry']/Database[@Name='HotelManagementDB']/Table[@Name='Booking_Details' and @Schema='dbo']/ForeignKey[@Name='FK__Booking_D__room___1CBC4616']","object_type":"ForeignKey"}},{"cell_type":"markdown","source":["# [FK__Booking_D__room___1DB06A4F]"],"metadata":{"urn":"Server[@Name='Hoaideeptry']/Database[@Name='HotelManagementDB']/Table[@Name='Booking_Details' and @Schema='dbo']/ForeignKey[@Name='FK__Booking_D__room___1DB06A4F']","object_type":"ForeignKey"}},{"outputs":[],"execution_count":0,"cell_type":"code","source":["ALTER TABLE [dbo].[Booking_Details]  WITH CHECK ADD FOREIGN KEY([room_type_id])\r\nREFERENCES [dbo].[Room_Types] ([id])\r\n","GO\r\n"],"metadata":{"urn":"Server[@Name='Hoaideeptry']/Database[@Name='HotelManagementDB']/Table[@Name='Booking_Details' and @Schema='dbo']/ForeignKey[@Name='FK__Booking_D__room___1DB06A4F']","object_type":"ForeignKey"}},{"cell_type":"markdown","source":["# [FK__Bookings__user_i__1EA48E88]"],"metadata":{"urn":"Server[@Name='Hoaideeptry']/Database[@Name='HotelManagementDB']/Table[@Name='Bookings' and @Schema='dbo']/ForeignKey[@Name='FK__Bookings__user_i__1EA48E88']","object_type":"ForeignKey"}},{"outputs":[],"execution_count":0,"cell_type":"code","source":["ALTER TABLE [dbo].[Bookings]  WITH CHECK ADD FOREIGN KEY([user_id])\r\nREFERENCES [dbo].[Users] ([id])\r\n","GO\r\n"],"metadata":{"urn":"Server[@Name='Hoaideeptry']/Database[@Name='HotelManagementDB']/Table[@Name='Bookings' and @Schema='dbo']/ForeignKey[@Name='FK__Bookings__user_i__1EA48E88']","object_type":"ForeignKey"}},{"cell_type":"markdown","source":["# [FK__Bookings__vouche__1F98B2C1]"],"metadata":{"urn":"Server[@Name='Hoaideeptry']/Database[@Name='HotelManagementDB']/Table[@Name='Bookings' and @Schema='dbo']/ForeignKey[@Name='FK__Bookings__vouche__1F98B2C1']","object_type":"ForeignKey"}},{"outputs":[],"execution_count":0,"cell_type":"code","source":["ALTER TABLE [dbo].[Bookings]  WITH CHECK ADD FOREIGN KEY([voucher_id])\r\nREFERENCES [dbo].[Vouchers] ([id])\r\n","GO\r\n"],"metadata":{"urn":"Server[@Name='Hoaideeptry']/Database[@Name='HotelManagementDB']/Table[@Name='Bookings' and @Schema='dbo']/ForeignKey[@Name='FK__Bookings__vouche__1F98B2C1']","object_type":"ForeignKey"}},{"cell_type":"markdown","source":["# [FK__Invoices__bookin__208CD6FA]"],"metadata":{"urn":"Server[@Name='Hoaideeptry']/Database[@Name='HotelManagementDB']/Table[@Name='Invoices' and @Schema='dbo']/ForeignKey[@Name='FK__Invoices__bookin__208CD6FA']","object_type":"ForeignKey"}},{"outputs":[],"execution_count":0,"cell_type":"code","source":["ALTER TABLE [dbo].[Invoices]  WITH CHECK ADD FOREIGN KEY([booking_id])\r\nREFERENCES [dbo].[Bookings] ([id])\r\n","GO\r\n"],"metadata":{"urn":"Server[@Name='Hoaideeptry']/Database[@Name='HotelManagementDB']/Table[@Name='Invoices' and @Schema='dbo']/ForeignKey[@Name='FK__Invoices__bookin__208CD6FA']","object_type":"ForeignKey"}},{"cell_type":"markdown","source":["# [FK__Loss_And___booki__2180FB33]"],"metadata":{"urn":"Server[@Name='Hoaideeptry']/Database[@Name='HotelManagementDB']/Table[@Name='Loss_And_Damages' and @Schema='dbo']/ForeignKey[@Name='FK__Loss_And___booki__2180FB33']","object_type":"ForeignKey"}},{"outputs":[],"execution_count":0,"cell_type":"code","source":["ALTER TABLE [dbo].[Loss_And_Damages]  WITH CHECK ADD FOREIGN KEY([booking_detail_id])\r\nREFERENCES [dbo].[Booking_Details] ([id])\r\n","GO\r\n"],"metadata":{"urn":"Server[@Name='Hoaideeptry']/Database[@Name='HotelManagementDB']/Table[@Name='Loss_And_Damages' and @Schema='dbo']/ForeignKey[@Name='FK__Loss_And___booki__2180FB33']","object_type":"ForeignKey"}},{"cell_type":"markdown","source":["# [FK__Loss_And___room___22751F6C]"],"metadata":{"urn":"Server[@Name='Hoaideeptry']/Database[@Name='HotelManagementDB']/Table[@Name='Loss_And_Damages' and @Schema='dbo']/ForeignKey[@Name='FK__Loss_And___room___22751F6C']","object_type":"ForeignKey"}},{"outputs":[],"execution_count":0,"cell_type":"code","source":["ALTER TABLE [dbo].[Loss_And_Damages]  WITH CHECK ADD FOREIGN KEY([room_inventory_id])\r\nREFERENCES [dbo].[Room_Inventory] ([id])\r\n","GO\r\n"],"metadata":{"urn":"Server[@Name='Hoaideeptry']/Database[@Name='HotelManagementDB']/Table[@Name='Loss_And_Damages' and @Schema='dbo']/ForeignKey[@Name='FK__Loss_And___room___22751F6C']","object_type":"ForeignKey"}},{"cell_type":"markdown","source":["# [FK_Notifications_Users]"],"metadata":{"urn":"Server[@Name='Hoaideeptry']/Database[@Name='HotelManagementDB']/Table[@Name='Notifications' and @Schema='dbo']/ForeignKey[@Name='FK_Notifications_Users']","object_type":"ForeignKey"}},{"outputs":[],"execution_count":0,"cell_type":"code","source":["ALTER TABLE [dbo].[Notifications]  WITH CHECK ADD  CONSTRAINT [FK_Notifications_Users] FOREIGN KEY([user_id])\r\nREFERENCES [dbo].[Users] ([id])\r\n","GO\r\n","ALTER TABLE [dbo].[Notifications] CHECK CONSTRAINT [FK_Notifications_Users]\r\n","GO\r\n"],"metadata":{"urn":"Server[@Name='Hoaideeptry']/Database[@Name='HotelManagementDB']/Table[@Name='Notifications' and @Schema='dbo']/ForeignKey[@Name='FK_Notifications_Users']","object_type":"ForeignKey"}},{"cell_type":"markdown","source":["# [FK__Order_Ser__order__245D67DE]"],"metadata":{"urn":"Server[@Name='Hoaideeptry']/Database[@Name='HotelManagementDB']/Table[@Name='Order_Service_Details' and @Schema='dbo']/ForeignKey[@Name='FK__Order_Ser__order__245D67DE']","object_type":"ForeignKey"}},{"outputs":[],"execution_count":0,"cell_type":"code","source":["ALTER TABLE [dbo].[Order_Service_Details]  WITH CHECK ADD FOREIGN KEY([order_service_id])\r\nREFERENCES [dbo].[Order_Services] ([id])\r\n","GO\r\n"],"metadata":{"urn":"Server[@Name='Hoaideeptry']/Database[@Name='HotelManagementDB']/Table[@Name='Order_Service_Details' and @Schema='dbo']/ForeignKey[@Name='FK__Order_Ser__order__245D67DE']","object_type":"ForeignKey"}},{"cell_type":"markdown","source":["# [FK__Order_Ser__servi__25518C17]"],"metadata":{"urn":"Server[@Name='Hoaideeptry']/Database[@Name='HotelManagementDB']/Table[@Name='Order_Service_Details' and @Schema='dbo']/ForeignKey[@Name='FK__Order_Ser__servi__25518C17']","object_type":"ForeignKey"}},{"outputs":[],"execution_count":0,"cell_type":"code","source":["ALTER TABLE [dbo].[Order_Service_Details]  WITH CHECK ADD FOREIGN KEY([service_id])\r\nREFERENCES [dbo].[Services] ([id])\r\n","GO\r\n"],"metadata":{"urn":"Server[@Name='Hoaideeptry']/Database[@Name='HotelManagementDB']/Table[@Name='Order_Service_Details' and @Schema='dbo']/ForeignKey[@Name='FK__Order_Ser__servi__25518C17']","object_type":"ForeignKey"}},{"cell_type":"markdown","source":["# [FK__Order_Ser__booki__2645B050]"],"metadata":{"urn":"Server[@Name='Hoaideeptry']/Database[@Name='HotelManagementDB']/Table[@Name='Order_Services' and @Schema='dbo']/ForeignKey[@Name='FK__Order_Ser__booki__2645B050']","object_type":"ForeignKey"}},{"outputs":[],"execution_count":0,"cell_type":"code","source":["ALTER TABLE [dbo].[Order_Services]  WITH CHECK ADD FOREIGN KEY([booking_detail_id])\r\nREFERENCES [dbo].[Booking_Details] ([id])\r\n","GO\r\n"],"metadata":{"urn":"Server[@Name='Hoaideeptry']/Database[@Name='HotelManagementDB']/Table[@Name='Order_Services' and @Schema='dbo']/ForeignKey[@Name='FK__Order_Ser__booki__2645B050']","object_type":"ForeignKey"}},{"cell_type":"markdown","source":["# [FK__Payments__invoic__2739D489]"],"metadata":{"urn":"Server[@Name='Hoaideeptry']/Database[@Name='HotelManagementDB']/Table[@Name='Payments' and @Schema='dbo']/ForeignKey[@Name='FK__Payments__invoic__2739D489']","object_type":"ForeignKey"}},{"outputs":[],"execution_count":0,"cell_type":"code","source":["ALTER TABLE [dbo].[Payments]  WITH CHECK ADD FOREIGN KEY([invoice_id])\r\nREFERENCES [dbo].[Invoices] ([id])\r\n","GO\r\n"],"metadata":{"urn":"Server[@Name='Hoaideeptry']/Database[@Name='HotelManagementDB']/Table[@Name='Payments' and @Schema='dbo']/ForeignKey[@Name='FK__Payments__invoic__2739D489']","object_type":"ForeignKey"}},{"cell_type":"markdown","source":["# [FK__Reviews__room_ty__282DF8C2]"],"metadata":{"urn":"Server[@Name='Hoaideeptry']/Database[@Name='HotelManagementDB']/Table[@Name='Reviews' and @Schema='dbo']/ForeignKey[@Name='FK__Reviews__room_ty__282DF8C2']","object_type":"ForeignKey"}},{"outputs":[],"execution_count":0,"cell_type":"code","source":["ALTER TABLE [dbo].[Reviews]  WITH CHECK ADD FOREIGN KEY([room_type_id])\r\nREFERENCES [dbo].[Room_Types] ([id])\r\n","GO\r\n"],"metadata":{"urn":"Server[@Name='Hoaideeptry']/Database[@Name='HotelManagementDB']/Table[@Name='Reviews' and @Schema='dbo']/ForeignKey[@Name='FK__Reviews__room_ty__282DF8C2']","object_type":"ForeignKey"}},{"cell_type":"markdown","source":["# [FK__Reviews__user_id__29221CFB]"],"metadata":{"urn":"Server[@Name='Hoaideeptry']/Database[@Name='HotelManagementDB']/Table[@Name='Reviews' and @Schema='dbo']/ForeignKey[@Name='FK__Reviews__user_id__29221CFB']","object_type":"ForeignKey"}},{"outputs":[],"execution_count":0,"cell_type":"code","source":["ALTER TABLE [dbo].[Reviews]  WITH CHECK ADD FOREIGN KEY([user_id])\r\nREFERENCES [dbo].[Users] ([id])\r\n","GO\r\n"],"metadata":{"urn":"Server[@Name='Hoaideeptry']/Database[@Name='HotelManagementDB']/Table[@Name='Reviews' and @Schema='dbo']/ForeignKey[@Name='FK__Reviews__user_id__29221CFB']","object_type":"ForeignKey"}},{"cell_type":"markdown","source":["# [FK__Role_Perm__permi__2A164134]"],"metadata":{"urn":"Server[@Name='Hoaideeptry']/Database[@Name='HotelManagementDB']/Table[@Name='Role_Permissions' and @Schema='dbo']/ForeignKey[@Name='FK__Role_Perm__permi__2A164134']","object_type":"ForeignKey"}},{"outputs":[],"execution_count":0,"cell_type":"code","source":["ALTER TABLE [dbo].[Role_Permissions]  WITH CHECK ADD FOREIGN KEY([permission_id])\r\nREFERENCES [dbo].[Permissions] ([id])\r\n","GO\r\n"],"metadata":{"urn":"Server[@Name='Hoaideeptry']/Database[@Name='HotelManagementDB']/Table[@Name='Role_Permissions' and @Schema='dbo']/ForeignKey[@Name='FK__Role_Perm__permi__2A164134']","object_type":"ForeignKey"}},{"cell_type":"markdown","source":["# [FK__Role_Perm__role___2B0A656D]"],"metadata":{"urn":"Server[@Name='Hoaideeptry']/Database[@Name='HotelManagementDB']/Table[@Name='Role_Permissions' and @Schema='dbo']/ForeignKey[@Name='FK__Role_Perm__role___2B0A656D']","object_type":"ForeignKey"}},{"outputs":[],"execution_count":0,"cell_type":"code","source":["ALTER TABLE [dbo].[Role_Permissions]  WITH CHECK ADD FOREIGN KEY([role_id])\r\nREFERENCES [dbo].[Roles] ([id])\r\n","GO\r\n"],"metadata":{"urn":"Server[@Name='Hoaideeptry']/Database[@Name='HotelManagementDB']/Table[@Name='Role_Permissions' and @Schema='dbo']/ForeignKey[@Name='FK__Role_Perm__role___2B0A656D']","object_type":"ForeignKey"}},{"cell_type":"markdown","source":["# [FK__Room_Imag__room___2BFE89A6]"],"metadata":{"urn":"Server[@Name='Hoaideeptry']/Database[@Name='HotelManagementDB']/Table[@Name='Room_Images' and @Schema='dbo']/ForeignKey[@Name='FK__Room_Imag__room___2BFE89A6']","object_type":"ForeignKey"}},{"outputs":[],"execution_count":0,"cell_type":"code","source":["ALTER TABLE [dbo].[Room_Images]  WITH CHECK ADD FOREIGN KEY([room_type_id])\r\nREFERENCES [dbo].[Room_Types] ([id])\r\n","GO\r\n"],"metadata":{"urn":"Server[@Name='Hoaideeptry']/Database[@Name='HotelManagementDB']/Table[@Name='Room_Images' and @Schema='dbo']/ForeignKey[@Name='FK__Room_Imag__room___2BFE89A6']","object_type":"ForeignKey"}},{"cell_type":"markdown","source":["# [FK__Room_Inve__room___2CF2ADDF]"],"metadata":{"urn":"Server[@Name='Hoaideeptry']/Database[@Name='HotelManagementDB']/Table[@Name='Room_Inventory' and @Schema='dbo']/ForeignKey[@Name='FK__Room_Inve__room___2CF2ADDF']","object_type":"ForeignKey"}},{"outputs":[],"execution_count":0,"cell_type":"code","source":["ALTER TABLE [dbo].[Room_Inventory]  WITH CHECK ADD FOREIGN KEY([room_id])\r\nREFERENCES [dbo].[Rooms] ([id])\r\n","GO\r\n"],"metadata":{"urn":"Server[@Name='Hoaideeptry']/Database[@Name='HotelManagementDB']/Table[@Name='Room_Inventory' and @Schema='dbo']/ForeignKey[@Name='FK__Room_Inve__room___2CF2ADDF']","object_type":"ForeignKey"}},{"cell_type":"markdown","source":["# [FK_RoomInventory_Equipments]"],"metadata":{"urn":"Server[@Name='Hoaideeptry']/Database[@Name='HotelManagementDB']/Table[@Name='Room_Inventory' and @Schema='dbo']/ForeignKey[@Name='FK_RoomInventory_Equipments']","object_type":"ForeignKey"}},{"outputs":[],"execution_count":0,"cell_type":"code","source":["ALTER TABLE [dbo].[Room_Inventory]  WITH CHECK ADD  CONSTRAINT [FK_RoomInventory_Equipments] FOREIGN KEY([EquipmentId])\r\nREFERENCES [dbo].[Equipments] ([Id])\r\n","GO\r\n","ALTER TABLE [dbo].[Room_Inventory] CHECK CONSTRAINT [FK_RoomInventory_Equipments]\r\n","GO\r\n"],"metadata":{"urn":"Server[@Name='Hoaideeptry']/Database[@Name='HotelManagementDB']/Table[@Name='Room_Inventory' and @Schema='dbo']/ForeignKey[@Name='FK_RoomInventory_Equipments']","object_type":"ForeignKey"}},{"cell_type":"markdown","source":["# [FK__Rooms__room_type__2EDAF651]"],"metadata":{"urn":"Server[@Name='Hoaideeptry']/Database[@Name='HotelManagementDB']/Table[@Name='Rooms' and @Schema='dbo']/ForeignKey[@Name='FK__Rooms__room_type__2EDAF651']","object_type":"ForeignKey"}},{"outputs":[],"execution_count":0,"cell_type":"code","source":["ALTER TABLE [dbo].[Rooms]  WITH CHECK ADD FOREIGN KEY([room_type_id])\r\nREFERENCES [dbo].[Room_Types] ([id])\r\n","GO\r\n"],"metadata":{"urn":"Server[@Name='Hoaideeptry']/Database[@Name='HotelManagementDB']/Table[@Name='Rooms' and @Schema='dbo']/ForeignKey[@Name='FK__Rooms__room_type__2EDAF651']","object_type":"ForeignKey"}},{"cell_type":"markdown","source":["# [FK__RoomType___ameni__2FCF1A8A]"],"metadata":{"urn":"Server[@Name='Hoaideeptry']/Database[@Name='HotelManagementDB']/Table[@Name='RoomType_Amenities' and @Schema='dbo']/ForeignKey[@Name='FK__RoomType___ameni__2FCF1A8A']","object_type":"ForeignKey"}},{"outputs":[],"execution_count":0,"cell_type":"code","source":["ALTER TABLE [dbo].[RoomType_Amenities]  WITH CHECK ADD FOREIGN KEY([amenity_id])\r\nREFERENCES [dbo].[Amenities] ([id])\r\n","GO\r\n"],"metadata":{"urn":"Server[@Name='Hoaideeptry']/Database[@Name='HotelManagementDB']/Table[@Name='RoomType_Amenities' and @Schema='dbo']/ForeignKey[@Name='FK__RoomType___ameni__2FCF1A8A']","object_type":"ForeignKey"}},{"cell_type":"markdown","source":["# [FK__RoomType___room___30C33EC3]"],"metadata":{"urn":"Server[@Name='Hoaideeptry']/Database[@Name='HotelManagementDB']/Table[@Name='RoomType_Amenities' and @Schema='dbo']/ForeignKey[@Name='FK__RoomType___room___30C33EC3']","object_type":"ForeignKey"}},{"outputs":[],"execution_count":0,"cell_type":"code","source":["ALTER TABLE [dbo].[RoomType_Amenities]  WITH CHECK ADD FOREIGN KEY([room_type_id])\r\nREFERENCES [dbo].[Room_Types] ([id])\r\n","GO\r\n"],"metadata":{"urn":"Server[@Name='Hoaideeptry']/Database[@Name='HotelManagementDB']/Table[@Name='RoomType_Amenities' and @Schema='dbo']/ForeignKey[@Name='FK__RoomType___room___30C33EC3']","object_type":"ForeignKey"}},{"cell_type":"markdown","source":["# [FK__Services__catego__31B762FC]"],"metadata":{"urn":"Server[@Name='Hoaideeptry']/Database[@Name='HotelManagementDB']/Table[@Name='Services' and @Schema='dbo']/ForeignKey[@Name='FK__Services__catego__31B762FC']","object_type":"ForeignKey"}},{"outputs":[],"execution_count":0,"cell_type":"code","source":["ALTER TABLE [dbo].[Services]  WITH CHECK ADD FOREIGN KEY([category_id])\r\nREFERENCES [dbo].[Service_Categories] ([id])\r\n","GO\r\n"],"metadata":{"urn":"Server[@Name='Hoaideeptry']/Database[@Name='HotelManagementDB']/Table[@Name='Services' and @Schema='dbo']/ForeignKey[@Name='FK__Services__catego__31B762FC']","object_type":"ForeignKey"}},{"cell_type":"markdown","source":["# [FK__Users__membershi__32AB8735]"],"metadata":{"urn":"Server[@Name='Hoaideeptry']/Database[@Name='HotelManagementDB']/Table[@Name='Users' and @Schema='dbo']/ForeignKey[@Name='FK__Users__membershi__32AB8735']","object_type":"ForeignKey"}},{"outputs":[],"execution_count":0,"cell_type":"code","source":["ALTER TABLE [dbo].[Users]  WITH CHECK ADD FOREIGN KEY([membership_id])\r\nREFERENCES [dbo].[Memberships] ([id])\r\n","GO\r\n"],"metadata":{"urn":"Server[@Name='Hoaideeptry']/Database[@Name='HotelManagementDB']/Table[@Name='Users' and @Schema='dbo']/ForeignKey[@Name='FK__Users__membershi__32AB8735']","object_type":"ForeignKey"}},{"cell_type":"markdown","source":["# [FK__Users__role_id__339FAB6E]"],"metadata":{"urn":"Server[@Name='Hoaideeptry']/Database[@Name='HotelManagementDB']/Table[@Name='Users' and @Schema='dbo']/ForeignKey[@Name='FK__Users__role_id__339FAB6E']","object_type":"ForeignKey"}},{"outputs":[],"execution_count":0,"cell_type":"code","source":["ALTER TABLE [dbo].[Users]  WITH CHECK ADD FOREIGN KEY([role_id])\r\nREFERENCES [dbo].[Roles] ([id])\r\n","GO\r\n"],"metadata":{"urn":"Server[@Name='Hoaideeptry']/Database[@Name='HotelManagementDB']/Table[@Name='Users' and @Schema='dbo']/ForeignKey[@Name='FK__Users__role_id__339FAB6E']","object_type":"ForeignKey"}},{"cell_type":"markdown","source":["# [CK__Reviews__rating__75A278F5]"],"metadata":{"urn":"Server[@Name='Hoaideeptry']/Database[@Name='HotelManagementDB']/Table[@Name='Reviews' and @Schema='dbo']/Check[@Name='CK__Reviews__rating__75A278F5']","object_type":"Check"}},{"outputs":[],"execution_count":0,"cell_type":"code","source":["ALTER TABLE [dbo].[Reviews]  WITH CHECK ADD CHECK  (([rating]>=(1) AND [rating]<=(5)))\r\n","GO\r\n"],"metadata":{"urn":"Server[@Name='Hoaideeptry']/Database[@Name='HotelManagementDB']/Table[@Name='Reviews' and @Schema='dbo']/Check[@Name='CK__Reviews__rating__75A278F5']","object_type":"Check"}},{"cell_type":"markdown","source":["# [HotelManagementDB]"],"metadata":{"urn":"Server[@Name='Hoaideeptry']/Database[@Name='HotelManagementDB']","object_type":"Database"}},{"outputs":[],"execution_count":0,"cell_type":"code","source":["USE [master]\r\n","GO\r\n"],"metadata":{"urn":"Server[@Name='Hoaideeptry']/Database[@Name='HotelManagementDB']","object_type":"Database"}},{"outputs":[],"execution_count":0,"cell_type":"code","source":["ALTER DATABASE [HotelManagementDB] SET  READ_WRITE \r\n","GO\r\n"],"metadata":{"urn":"Server[@Name='Hoaideeptry']/Database[@Name='HotelManagementDB']","object_type":"Database"}}]}